batch_plan_version,batch_id,batch_global_order,catalog_generation,batch_sequence,viewer_key,grade_code,title_core,declared_positions,batch_declared_positions,source_url
LTMD_U1_W3_BATCH_PLAN_0.1,W3-G1960-B01,1,1960,1,H1960P2ES003,2,MI CUADERNO DE TRABAJO Y ESCRITURA,219,479,https://historico.conaliteg.gob.mx/H1960P2ES003.htm
LTMD_U1_W3_BATCH_PLAN_0.1,W3-G1960-B01,1,1960,2,H1960P3ES007,3,MI LIBRO DE LENGUA NACIONAL,131,479,https://historico.conaliteg.gob.mx/H1960P3ES007.htm
LTMD_U1_W3_BATCH_PLAN_0.1,W3-G1960-B01,1,1960,3,H1960P4ES013,4,MI LIBRO DE LENGUA NACIONAL,129,479,https://historico.conaliteg.gob.mx/H1960P4ES013.htm
LTMD_U1_W3_BATCH_PLAN_0.1,W3-G1966-B01,2,1966,1,H1966P1ES345,1,MI CUADERNO DE TRABAJO DE LENGUA NACIONAL,219,1542,https://historico.conaliteg.gob.mx/H1966P1ES345.htm
LTMD_U1_W3_BATCH_PLAN_0.1,W3-G1966-B01,2,1966,2,H1966P2ES347,2,MI CUADERNO DE TRABAJO DE LENGUA NACIONAL,217,1542,https://historico.conaliteg.gob.mx/H1966P2ES347.htm
LTMD_U1_W3_BATCH_PLAN_0.1,W3-G1966-B01,2,1966,3,H1966P3ES350,3,MI LIBRO DE LENGUA NACIONAL,131,1542,https://historico.conaliteg.gob.mx/H1966P3ES350.htm
LTMD_U1_W3_BATCH_PLAN_0.1,W3-G1966-B01,2,1966,4,H1966P4ES358,4,MI LIBRO DE LENGUA NACIONAL,131,1542,https://historico.conaliteg.gob.mx/H1966P4ES358.htm
LTMD_U1_W3_BATCH_PLAN_0.1,W3-G1966-B01,2,1966,5,H1966P5ES365,5,MI CUADERNO DE TRABAJO DE LENGUA NACIONAL,195,1542,https://historico.conaliteg.gob.mx/H1966P5ES365.htm
LTMD_U1_W3_BATCH_PLAN_0.1,W3-G1966-B01,2,1966,6,H1966P5ES366,5,MI LIBRO DE LENGUA NACIONAL,211,1542,https://historico.conaliteg.gob.mx/H1966P5ES366.htm
LTMD_U1_W3_BATCH_PLAN_0.1,W3-G1966-B01,2,1966,7,H1966P6ES376,6,MI CUADERNO DE TRABAJO DE LENGUA NACIONAL,195,1542,https://historico.conaliteg.gob.mx/H1966P6ES376.htm
LTMD_U1_W3_BATCH_PLAN_0.1,W3-G1966-B01,2,1966,8,H1966P6ES377,6,MI LIBRO DE LENGUA NACIONAL,243,1542,https://historico.conaliteg.gob.mx/H1966P6ES377.htm
LTMD_U1_W3_BATCH_PLAN_0.1,W3-G1972-B01,3,1972,1,H1972P1ES061,1,ESPAÑOL,225,2263,https://historico.conaliteg.gob.mx/H1972P1ES061.htm
LTMD_U1_W3_BATCH_PLAN_0.1,W3-G1972-B01,3,1972,2,H1972P1ES062,1,ESPAÑOL RECORTABLE,195,2263,https://historico.conaliteg.gob.mx/H1972P1ES062.htm
LTMD_U1_W3_BATCH_PLAN_0.1,W3-G1972-B01,3,1972,3,H1972P2ES066,2,ESPAÑOL,243,2263,https://historico.conaliteg.gob.mx/H1972P2ES066.htm
LTMD_U1_W3_BATCH_PLAN_0.1,W3-G1972-B01,3,1972,4,H1972P2ES067,2,ESPAÑOL EJERCICIOS,147,2263,https://historico.conaliteg.gob.mx/H1972P2ES067.htm
LTMD_U1_W3_BATCH_PLAN_0.1,W3-G1972-B01,3,1972,5,H1972P2ES068,2,ESPAÑOL LECTURA,169,2263,https://historico.conaliteg.gob.mx/H1972P2ES068.htm
LTMD_U1_W3_BATCH_PLAN_0.1,W3-G1972-B01,3,1972,6,H1972P3ES073,3,ESPAÑOL,201,2263,https://historico.conaliteg.gob.mx/H1972P3ES073.htm
LTMD_U1_W3_BATCH_PLAN_0.1,W3-G1972-B01,3,1972,7,H1972P3ES074,3,ESPAÑOL LECTURAS,111,2263,https://historico.conaliteg.gob.mx/H1972P3ES074.htm
LTMD_U1_W3_BATCH_PLAN_0.1,W3-G1972-B01,3,1972,8,H1972P3ES075,3,ESPAÑOL EJERCICIOS Y LECTURAS,291,2263,https://historico.conaliteg.gob.mx/H1972P3ES075.htm
LTMD_U1_W3_BATCH_PLAN_0.1,W3-G1972-B01,3,1972,9,H1972P4ES080,4,ESPAÑOL EJERCICIOS,227,2263,https://historico.conaliteg.gob.mx/H1972P4ES080.htm
LTMD_U1_W3_BATCH_PLAN_0.1,W3-G1972-B01,3,1972,10,H1972P4ES081,4,ESPAÑOL LECTURAS,131,2263,https://historico.conaliteg.gob.mx/H1972P4ES081.htm
LTMD_U1_W3_BATCH_PLAN_0.1,W3-G1972-B01,3,1972,11,H1972P4ES082,4,ESPAÑOL EJERCICIOS Y LECTURAS,323,2263,https://historico.conaliteg.gob.mx/H1972P4ES082.htm
LTMD_U1_W3_BATCH_PLAN_0.1,W3-G1972-B02,4,1972,1,H1972P5ES086,5,ESPAÑOL EJERCICIOS,291,995,https://historico.conaliteg.gob.mx/H1972P5ES086.htm
LTMD_U1_W3_BATCH_PLAN_0.1,W3-G1972-B02,4,1972,2,H1972P5ES087,5,ESPAÑOL,291,995,https://historico.conaliteg.gob.mx/H1972P5ES087.htm
LTMD_U1_W3_BATCH_PLAN_0.1,W3-G1972-B02,4,1972,3,H1972P5ES088,5,ESPAÑOL LECTURAS,129,995,https://historico.conaliteg.gob.mx/H1972P5ES088.htm
LTMD_U1_W3_BATCH_PLAN_0.1,W3-G1972-B02,4,1972,4,H1972P6ES092,6,ESPAÑOL EJERCICIOS,179,995,https://historico.conaliteg.gob.mx/H1972P6ES092.htm
LTMD_U1_W3_BATCH_PLAN_0.1,W3-G1972-B02,4,1972,5,H1972P6ES093,6,ESPAÑOL LECTURAS,105,995,https://historico.conaliteg.gob.mx/H1972P6ES093.htm
LTMD_U1_W3_BATCH_PLAN_0.1,W3-G1982-B01,5,1982,1,H1982P2ES100,2,MI LIBRO LECTURAS,147,2149,https://historico.conaliteg.gob.mx/H1982P2ES100.htm
LTMD_U1_W3_BATCH_PLAN_0.1,W3-G1982-B01,5,1982,2,H1982P3ES104,3,ESPAÑOL EJERCICIOS,211,2149,https://historico.conaliteg.gob.mx/H1982P3ES104.htm
LTMD_U1_W3_BATCH_PLAN_0.1,W3-G1982-B01,5,1982,3,H1982P3ES105,3,ESPAÑOL LECTURAS,115,2149,https://historico.conaliteg.gob.mx/H1982P3ES105.htm
LTMD_U1_W3_BATCH_PLAN_0.1,W3-G1982-B01,5,1982,4,H1982P4ES385,4,ESPAÑOL EJERCICIOS,227,2149,https://historico.conaliteg.gob.mx/H1982P4ES385.htm
LTMD_U1_W3_BATCH_PLAN_0.1,W3-G1982-B01,5,1982,5,H1982P4ES386,4,ESPAÑOL LECTURAS,131,2149,https://historico.conaliteg.gob.mx/H1982P4ES386.htm
LTMD_U1_W3_BATCH_PLAN_0.1,W3-G1982-B01,5,1982,6,H1982P4ES387,4,ESPAÑOL EJERCICIOS Y LECTURAS,323,2149,https://historico.conaliteg.gob.mx/H1982P4ES387.htm
LTMD_U1_W3_BATCH_PLAN_0.1,W3-G1982-B01,5,1982,7,H1982P5ES391,5,ESPAÑOL EJERCICIOS,291,2149,https://historico.conaliteg.gob.mx/H1982P5ES391.htm
LTMD_U1_W3_BATCH_PLAN_0.1,W3-G1982-B01,5,1982,8,H1982P5ES392,5,ESPAÑOL,291,2149,https://historico.conaliteg.gob.mx/H1982P5ES392.htm
LTMD_U1_W3_BATCH_PLAN_0.1,W3-G1982-B01,5,1982,9,H1982P5ES393,5,ESPAÑOL LECTURAS,129,2149,https://historico.conaliteg.gob.mx/H1982P5ES393.htm
LTMD_U1_W3_BATCH_PLAN_0.1,W3-G1982-B01,5,1982,10,H1982P6ES397,6,ESPAÑOL EJERCICIOS,179,2149,https://historico.conaliteg.gob.mx/H1982P6ES397.htm
LTMD_U1_W3_BATCH_PLAN_0.1,W3-G1982-B01,5,1982,11,H1982P6ES398,6,ESPAÑOL LECTURAS,105,2149,https://historico.conaliteg.gob.mx/H1982P6ES398.htm
LTMD_U1_W3_BATCH_PLAN_0.1,W3-G1988-B01,6,1988,1,H1988P2ES114,2,ESPAÑOL LECTURAS,145,1472,https://historico.conaliteg.gob.mx/H1988P2ES114.htm
LTMD_U1_W3_BATCH_PLAN_0.1,W3-G1988-B01,6,1988,2,H1988P3ES116,3,ESPAÑOL EJERCICIOS,211,1472,https://historico.conaliteg.gob.mx/H1988P3ES116.htm
LTMD_U1_W3_BATCH_PLAN_0.1,W3-G1988-B01,6,1988,3,H1988P3ES117,3,ESPAÑOL LECTURA,115,1472,https://historico.conaliteg.gob.mx/H1988P3ES117.htm
LTMD_U1_W3_BATCH_PLAN_0.1,W3-G1988-B01,6,1988,4,H1988P4ES121,4,"ESPAÑOL, EJERCICIOS Y LECTURAS",321,1472,https://historico.conaliteg.gob.mx/H1988P4ES121.htm
LTMD_U1_W3_BATCH_PLAN_0.1,W3-G1988-B01,6,1988,5,H1988P5ES125,5,ESPAÑOL EJERCICIOS,195,1472,https://historico.conaliteg.gob.mx/H1988P5ES125.htm
LTMD_U1_W3_BATCH_PLAN_0.1,W3-G1988-B01,6,1988,6,H1988P5ES126,5,ESPAÑOL LECTURA,131,1472,https://historico.conaliteg.gob.mx/H1988P5ES126.htm
LTMD_U1_W3_BATCH_PLAN_0.1,W3-G1988-B01,6,1988,7,H1988P6ES131,6,ESPAÑOL EJERCICIOS,239,1472,https://historico.conaliteg.gob.mx/H1988P6ES131.htm
LTMD_U1_W3_BATCH_PLAN_0.1,W3-G1988-B01,6,1988,8,H1988P6ES132,6,ESPAN?OL LECTURAS,115,1472,https://historico.conaliteg.gob.mx/H1988P6ES132.htm
LTMD_U1_W3_BATCH_PLAN_0.1,W3-G1993-B01,7,1993,1,H1993P1ES135,1,Español actividades,227,2475,https://historico.conaliteg.gob.mx/H1993P1ES135.htm
LTMD_U1_W3_BATCH_PLAN_0.1,W3-G1993-B01,7,1993,2,H1993P1ES136,1,Español recortable,147,2475,https://historico.conaliteg.gob.mx/H1993P1ES136.htm
LTMD_U1_W3_BATCH_PLAN_0.1,W3-G1993-B01,7,1993,3,H1993P1ES137,1,Español recortable,83,2475,https://historico.conaliteg.gob.mx/H1993P1ES137.htm
LTMD_U1_W3_BATCH_PLAN_0.1,W3-G1993-B01,7,1993,4,H1993P1ES138,1,Español Lecturas,67,2475,https://historico.conaliteg.gob.mx/H1993P1ES138.htm
LTMD_U1_W3_BATCH_PLAN_0.1,W3-G1993-B01,7,1993,5,H1993P1ES139,1,Español lecturas,260,2475,https://historico.conaliteg.gob.mx/H1993P1ES139.htm
LTMD_U1_W3_BATCH_PLAN_0.1,W3-G1993-B01,7,1993,6,H1993P2ES144,2,Español Actividades,203,2475,https://historico.conaliteg.gob.mx/H1993P2ES144.htm
LTMD_U1_W3_BATCH_PLAN_0.1,W3-G1993-B01,7,1993,7,H1993P2ES145,2,Español Recortable,123,2475,https://historico.conaliteg.gob.mx/H1993P2ES145.htm
LTMD_U1_W3_BATCH_PLAN_0.1,W3-G1993-B01,7,1993,8,H1993P2ES146,2,Español,227,2475,https://historico.conaliteg.gob.mx/H1993P2ES146.htm
LTMD_U1_W3_BATCH_PLAN_0.1,W3-G1993-B01,7,1993,9,H1993P2ES147,2,Español Lecturas,259,2475,https://historico.conaliteg.gob.mx/H1993P2ES147.htm
LTMD_U1_W3_BATCH_PLAN_0.1,W3-G1993-B01,7,1993,10,H1993P2ES148,2,Español Lecturas,147,2475,https://historico.conaliteg.gob.mx/H1993P2ES148.htm
LTMD_U1_W3_BATCH_PLAN_0.1,W3-G1993-B01,7,1993,11,H1993P3ES154,3,Español Actividades,211,2475,https://historico.conaliteg.gob.mx/H1993P3ES154.htm
LTMD_U1_W3_BATCH_PLAN_0.1,W3-G1993-B01,7,1993,12,H1993P3ES155,3,Español Lecturas,115,2475,https://historico.conaliteg.gob.mx/H1993P3ES155.htm
LTMD_U1_W3_BATCH_PLAN_0.1,W3-G1993-B01,7,1993,13,H1993P3ES156,3,Español Lecturas,227,2475,https://historico.conaliteg.gob.mx/H1993P3ES156.htm
LTMD_U1_W3_BATCH_PLAN_0.1,W3-G1993-B01,7,1993,14,H1993P3ES400,3,Español,179,2475,https://historico.conaliteg.gob.mx/H1993P3ES400.htm
LTMD_U1_W3_BATCH_PLAN_0.1,W3-G1993-B02,8,1993,1,H1993P4ES193,4,Español,239,1281,https://historico.conaliteg.gob.mx/H1993P4ES193.htm
LTMD_U1_W3_BATCH_PLAN_0.1,W3-G1993-B02,8,1993,2,H1993P4ES194,4,Español Lecturas,115,1281,https://historico.conaliteg.gob.mx/H1993P4ES194.htm
LTMD_U1_W3_BATCH_PLAN_0.1,W3-G1993-B02,8,1993,3,H1993P4ES195,4,Español Lecturas,259,1281,https://historico.conaliteg.gob.mx/H1993P4ES195.htm
LTMD_U1_W3_BATCH_PLAN_0.1,W3-G1993-B02,8,1993,4,H1993P5ES201,5,Español,211,1281,https://historico.conaliteg.gob.mx/H1993P5ES201.htm
LTMD_U1_W3_BATCH_PLAN_0.1,W3-G1993-B02,8,1993,5,H1993P5ES202,5,Español Lecturas,131,1281,https://historico.conaliteg.gob.mx/H1993P5ES202.htm
LTMD_U1_W3_BATCH_PLAN_0.1,W3-G1993-B02,8,1993,6,H1993P6ES211,6,Español,211,1281,https://historico.conaliteg.gob.mx/H1993P6ES211.htm
LTMD_U1_W3_BATCH_PLAN_0.1,W3-G1993-B02,8,1993,7,H1993P6ES212,6,Español Lecturas,115,1281,https://historico.conaliteg.gob.mx/H1993P6ES212.htm
LTMD_U1_W3_BATCH_PLAN_0.1,W3-G2008-B01,9,2008,1,H2008P1ES253,1,ESPAÑOL 1er GRADO,147,1659,https://historico.conaliteg.gob.mx/H2008P1ES253.htm
LTMD_U1_W3_BATCH_PLAN_0.1,W3-G2008-B01,9,2008,2,H2008P1ES254,1,ESPAÑOL RECORTABLE,35,1659,https://historico.conaliteg.gob.mx/H2008P1ES254.htm
LTMD_U1_W3_BATCH_PLAN_0.1,W3-G2008-B01,9,2008,3,H2008P2ES261,2,ESPAÑOL,219,1659,https://historico.conaliteg.gob.mx/H2008P2ES261.htm
LTMD_U1_W3_BATCH_PLAN_0.1,W3-G2008-B01,9,2008,4,H2008P3ES265,3,ESPAÑOL ACTIVIDADES,210,1659,https://historico.conaliteg.gob.mx/H2008P3ES265.htm
LTMD_U1_W3_BATCH_PLAN_0.1,W3-G2008-B01,9,2008,5,H2008P3ES266,3,ESPAÑOL LECTURAS,226,1659,https://historico.conaliteg.gob.mx/H2008P3ES266.htm
LTMD_U1_W3_BATCH_PLAN_0.1,W3-G2008-B01,9,2008,6,H2008P4ES271,4,ESPAÑOL ACTIVIDADES,239,1659,https://historico.conaliteg.gob.mx/H2008P4ES271.htm
LTMD_U1_W3_BATCH_PLAN_0.1,W3-G2008-B01,9,2008,7,H2008P4ES272,4,ESPAÑOL LECTURAS,257,1659,https://historico.conaliteg.gob.mx/H2008P4ES272.htm
LTMD_U1_W3_BATCH_PLAN_0.1,W3-G2008-B01,9,2008,8,H2008P5ES281,5,ESPAÑOL,187,1659,https://historico.conaliteg.gob.mx/H2008P5ES281.htm
LTMD_U1_W3_BATCH_PLAN_0.1,W3-G2008-B01,9,2008,9,H2008P6ES288,6,ESPAÑOL,139,1659,https://historico.conaliteg.gob.mx/H2008P6ES288.htm
LTMD_U1_W3_BATCH_PLAN_0.1,W3-G2011-B01,10,2011,1,H2011P1ES297,1,ESPAÑOL,194,2016,https://historico.conaliteg.gob.mx/H2011P1ES297.htm
LTMD_U1_W3_BATCH_PLAN_0.1,W3-G2011-B01,10,2011,2,H2011P1ES298,1,ESPAÑOL LECTURAS,82,2016,https://historico.conaliteg.gob.mx/H2011P1ES298.htm
LTMD_U1_W3_BATCH_PLAN_0.1,W3-G2011-B01,10,2011,3,H2011P2ES304,2,ESPAÑOL,218,2016,https://historico.conaliteg.gob.mx/H2011P2ES304.htm
LTMD_U1_W3_BATCH_PLAN_0.1,W3-G2011-B01,10,2011,4,H2011P2ES305,2,ESPAÑOL LECTURAS,106,2016,https://historico.conaliteg.gob.mx/H2011P2ES305.htm
LTMD_U1_W3_BATCH_PLAN_0.1,W3-G2011-B01,10,2011,5,H2011P3ES311,3,ESPAÑOL,162,2016,https://historico.conaliteg.gob.mx/H2011P3ES311.htm
LTMD_U1_W3_BATCH_PLAN_0.1,W3-G2011-B01,10,2011,6,H2011P3ES312,3,ESPAÑOL LECTURAS,146,2016,https://historico.conaliteg.gob.mx/H2011P3ES312.htm
LTMD_U1_W3_BATCH_PLAN_0.1,W3-G2011-B01,10,2011,7,H2011P4ES319,4,ESPAÑOL,162,2016,https://historico.conaliteg.gob.mx/H2011P4ES319.htm
LTMD_U1_W3_BATCH_PLAN_0.1,W3-G2011-B01,10,2011,8,H2011P4ES320,4,ESPAÑOL LECTURAS,186,2016,https://historico.conaliteg.gob.mx/H2011P4ES320.htm
LTMD_U1_W3_BATCH_PLAN_0.1,W3-G2011-B01,10,2011,9,H2011P5ES329,5,ESPAÑOL,178,2016,https://historico.conaliteg.gob.mx/H2011P5ES329.htm
LTMD_U1_W3_BATCH_PLAN_0.1,W3-G2011-B01,10,2011,10,H2011P5ES330,5,ESPAÑOL LECTURAS,186,2016,https://historico.conaliteg.gob.mx/H2011P5ES330.htm
LTMD_U1_W3_BATCH_PLAN_0.1,W3-G2011-B01,10,2011,11,H2011P6ES339,6,ESPAÑOL,186,2016,https://historico.conaliteg.gob.mx/H2011P6ES339.htm
LTMD_U1_W3_BATCH_PLAN_0.1,W3-G2011-B01,10,2011,12,H2011P6ES340,6,ESPAÑOL LECTURAS,210,2016,https://historico.conaliteg.gob.mx/H2011P6ES340.htm
LTMD_U1_W3_BATCH_PLAN_0.1,W3-G2014-B01,11,2014,1,H2014P1ESA,1,Español. Libro para el alumno,234,2375,https://historico.conaliteg.gob.mx/H2014P1ESA.htm
LTMD_U1_W3_BATCH_PLAN_0.1,W3-G2014-B01,11,2014,2,H2014P1ESM,1,Español. Libro para el maestro,282,2375,https://historico.conaliteg.gob.mx/H2014P1ESM.htm
LTMD_U1_W3_BATCH_PLAN_0.1,W3-G2014-B01,11,2014,3,H2014P1LEA,1,Español. Libro de lectura,162,2375,https://historico.conaliteg.gob.mx/H2014P1LEA.htm
LTMD_U1_W3_BATCH_PLAN_0.1,W3-G2014-B01,11,2014,4,H2014P2ESA,2,Español. Libro para el alumno,257,2375,https://historico.conaliteg.gob.mx/H2014P2ESA.htm
LTMD_U1_W3_BATCH_PLAN_0.1,W3-G2014-B01,11,2014,5,H2014P2ESM,2,Español. Libro para el maestro,290,2375,https://historico.conaliteg.gob.mx/H2014P2ESM.htm
LTMD_U1_W3_BATCH_PLAN_0.1,W3-G2014-B01,11,2014,6,H2014P2LEA,2,Español. Libro de lectura,162,2375,https://historico.conaliteg.gob.mx/H2014P2LEA.htm
LTMD_U1_W3_BATCH_PLAN_0.1,W3-G2014-B01,11,2014,7,H2014P3ESA,3,Español,162,2375,https://historico.conaliteg.gob.mx/H2014P3ESA.htm
LTMD_U1_W3_BATCH_PLAN_0.1,W3-G2014-B01,11,2014,8,H2014P3LEA,3,Español. Libro de lectura,162,2375,https://historico.conaliteg.gob.mx/H2014P3LEA.htm
LTMD_U1_W3_BATCH_PLAN_0.1,W3-G2014-B01,11,2014,9,H2014P4ESA,4,Español,162,2375,https://historico.conaliteg.gob.mx/H2014P4ESA.htm
LTMD_U1_W3_BATCH_PLAN_0.1,W3-G2014-B01,11,2014,10,H2014P4LEA,4,Español. Libro de lectura,162,2375,https://historico.conaliteg.gob.mx/H2014P4LEA.htm
LTMD_U1_W3_BATCH_PLAN_0.1,W3-G2014-B01,11,2014,11,H2014P5ESA,5,Español,178,2375,https://historico.conaliteg.gob.mx/H2014P5ESA.htm
LTMD_U1_W3_BATCH_PLAN_0.1,W3-G2014-B01,11,2014,12,H2014P5LEA,5,Español. Libro de lectura,162,2375,https://historico.conaliteg.gob.mx/H2014P5LEA.htm
LTMD_U1_W3_BATCH_PLAN_0.1,W3-G2014-B02,12,2014,1,H2014P6ESA,6,Español,186,348,https://historico.conaliteg.gob.mx/H2014P6ESA.htm
LTMD_U1_W3_BATCH_PLAN_0.1,W3-G2014-B02,12,2014,2,H2014P6LEA,6,Español. Libro de lectura,162,348,https://historico.conaliteg.gob.mx/H2014P6LEA.htm
LTMD_U1_W3_BATCH_PLAN_0.1,W3-G2018-B01,13,2018,1,H2018P1ESA,1,Lengua materna. Español,226,2420,https://historico.conaliteg.gob.mx/H2018P1ESA.htm
LTMD_U1_W3_BATCH_PLAN_0.1,W3-G2018-B01,13,2018,2,H2018P1ESM,1,Lengua materna. Español. Docente,178,2420,https://historico.conaliteg.gob.mx/H2018P1ESM.htm
LTMD_U1_W3_BATCH_PLAN_0.1,W3-G2018-B01,13,2018,3,H2018P1LEA,1,Lengua materna. Español lecturas,130,2420,https://historico.conaliteg.gob.mx/H2018P1LEA.htm
LTMD_U1_W3_BATCH_PLAN_0.1,W3-G2018-B01,13,2018,4,H2018P2ESA,2,Lengua materna. Español,226,2420,https://historico.conaliteg.gob.mx/H2018P2ESA.htm
LTMD_U1_W3_BATCH_PLAN_0.1,W3-G2018-B01,13,2018,5,H2018P2ESM,2,Lengua materna. Español. Docente,178,2420,https://historico.conaliteg.gob.mx/H2018P2ESM.htm
LTMD_U1_W3_BATCH_PLAN_0.1,W3-G2018-B01,13,2018,6,H2018P2LEA,2,Lengua materna. Español lecturas,146,2420,https://historico.conaliteg.gob.mx/H2018P2LEA.htm
LTMD_U1_W3_BATCH_PLAN_0.1,W3-G2018-B01,13,2018,7,H2018P3ESA,3,Español,162,2420,https://historico.conaliteg.gob.mx/H2018P3ESA.htm
LTMD_U1_W3_BATCH_PLAN_0.1,W3-G2018-B01,13,2018,8,H2018P3LEA,3,Español. Libro de lectura,162,2420,https://historico.conaliteg.gob.mx/H2018P3LEA.htm
LTMD_U1_W3_BATCH_PLAN_0.1,W3-G2018-B01,13,2018,9,H2018P4ESA,4,Español,162,2420,https://historico.conaliteg.gob.mx/H2018P4ESA.htm
LTMD_U1_W3_BATCH_PLAN_0.1,W3-G2018-B01,13,2018,10,H2018P4LEA,4,Español. Libro de lectura,162,2420,https://historico.conaliteg.gob.mx/H2018P4LEA.htm
LTMD_U1_W3_BATCH_PLAN_0.1,W3-G2018-B01,13,2018,11,H2018P5ESA,5,Español,178,2420,https://historico.conaliteg.gob.mx/H2018P5ESA.htm
LTMD_U1_W3_BATCH_PLAN_0.1,W3-G2018-B01,13,2018,12,H2018P5LEA,5,Español. Libro de lectura,162,2420,https://historico.conaliteg.gob.mx/H2018P5LEA.htm
LTMD_U1_W3_BATCH_PLAN_0.1,W3-G2018-B01,13,2018,13,H2018P6ESA,6,Español,186,2420,https://historico.conaliteg.gob.mx/H2018P6ESA.htm
LTMD_U1_W3_BATCH_PLAN_0.1,W3-G2018-B01,13,2018,14,H2018P6LEA,6,Español. Libro de lectura,162,2420,https://historico.conaliteg.gob.mx/H2018P6LEA.htm
LTMD_U1_W3_BATCH_PLAN_0.1,W3-G2019-B01,14,2019,1,H2019P1ESA,1,Lengua materna. Español,226,2420,https://historico.conaliteg.gob.mx/H2019P1ESA.htm
LTMD_U1_W3_BATCH_PLAN_0.1,W3-G2019-B01,14,2019,2,H2019P1ESM,1,Lengua materna. Español. Docente,178,2420,https://historico.conaliteg.gob.mx/H2019P1ESM.htm
LTMD_U1_W3_BATCH_PLAN_0.1,W3-G2019-B01,14,2019,3,H2019P1LEA,1,Lengua materna. Español lecturas,130,2420,https://historico.conaliteg.gob.mx/H2019P1LEA.htm
LTMD_U1_W3_BATCH_PLAN_0.1,W3-G2019-B01,14,2019,4,H2019P2ESA,2,Lengua materna. Español,226,2420,https://historico.conaliteg.gob.mx/H2019P2ESA.htm
LTMD_U1_W3_BATCH_PLAN_0.1,W3-G2019-B01,14,2019,5,H2019P2ESM,2,Lengua materna. Español. Docente,178,2420,https://historico.conaliteg.gob.mx/H2019P2ESM.htm
LTMD_U1_W3_BATCH_PLAN_0.1,W3-G2019-B01,14,2019,6,H2019P2LEA,2,Lengua materna. Español lecturas,146,2420,https://historico.conaliteg.gob.mx/H2019P2LEA.htm
LTMD_U1_W3_BATCH_PLAN_0.1,W3-G2019-B01,14,2019,7,H2019P3ESA,3,Español,162,2420,https://historico.conaliteg.gob.mx/H2019P3ESA.htm
LTMD_U1_W3_BATCH_PLAN_0.1,W3-G2019-B01,14,2019,8,H2019P3LEA,3,Español. Libro de lectura,162,2420,https://historico.conaliteg.gob.mx/H2019P3LEA.htm
LTMD_U1_W3_BATCH_PLAN_0.1,W3-G2019-B01,14,2019,9,H2019P4ESA,4,Español,162,2420,https://historico.conaliteg.gob.mx/H2019P4ESA.htm
LTMD_U1_W3_BATCH_PLAN_0.1,W3-G2019-B01,14,2019,10,H2019P4LEA,4,Español. Libro de lectura,162,2420,https://historico.conaliteg.gob.mx/H2019P4LEA.htm
LTMD_U1_W3_BATCH_PLAN_0.1,W3-G2019-B01,14,2019,11,H2019P5ESA,5,Español,178,2420,https://historico.conaliteg.gob.mx/H2019P5ESA.htm
LTMD_U1_W3_BATCH_PLAN_0.1,W3-G2019-B01,14,2019,12,H2019P5LEA,5,Español. Libro de lectura,162,2420,https://historico.conaliteg.gob.mx/H2019P5LEA.htm
LTMD_U1_W3_BATCH_PLAN_0.1,W3-G2019-B01,14,2019,13,H2019P6ESA,6,Español,186,2420,https://historico.conaliteg.gob.mx/H2019P6ESA.htm
LTMD_U1_W3_BATCH_PLAN_0.1,W3-G2019-B01,14,2019,14,H2019P6LEA,6,Español. Libro de lectura,162,2420,https://historico.conaliteg.gob.mx/H2019P6LEA.htm
