viewer_key,page_id,observed_fragment_count,max_sequence,missing_sequence_slots,missing_slot_count
H1960P2MA005,U1-H1960P2MA005-P011,14,15,13,1
H1960P2MA005,U1-H1960P2MA005-P012,6,7,4,1
H1960P2MA005,U1-H1960P2MA005-P031,11,12,8,1
H1960P2MA005,U1-H1960P2MA005-P056,24,25,24,1
H1960P2MA005,U1-H1960P2MA005-P062,13,14,10,1
H1960P2MA005,U1-H1960P2MA005-P075,27,28,26,1
H1960P2MA005,U1-H1960P2MA005-P079,4,5,1,1
H1960P2MA005,U1-H1960P2MA005-P080,7,8,6,1
H1960P2MA005,U1-H1960P2MA005-P089,16,18,6 9,2
H1960P2MA005,U1-H1960P2MA005-P094,11,12,2,1
H1960P2MA005,U1-H1960P2MA005-P107,8,9,1,1
H1960P3ES006,U1-H1960P3ES006-P013,32,33,27,1
H1960P3ES006,U1-H1960P3ES006-P051,17,18,17,1
H1960P3ES006,U1-H1960P3ES006-P114,16,18,9 10,2
H1960P3ES006,U1-H1960P3ES006-P123,12,13,3,1
H1960P3ES006,U1-H1960P3ES006-P133,22,23,11,1
H1960P3ES006,U1-H1960P3ES006-P135,19,20,1,1
H1960P3ES006,U1-H1960P3ES006-P139,17,20,3 10 12,3
H1960P3ES006,U1-H1960P3ES006-P140,30,33,22 25 28,3
H1960P3ES006,U1-H1960P3ES006-P143,27,28,16,1
H1960P3ES006,U1-H1960P3ES006-P159,28,29,16,1
H1960P3ES006,U1-H1960P3ES006-P175,10,13,3 5 8,3
H1960P3ES006,U1-H1960P3ES006-P178,27,28,7,1
H1960P3ES006,U1-H1960P3ES006-P197,16,17,5,1
H1960P3ES006,U1-H1960P3ES006-P206,9,10,1,1
H1960P3HI010,U1-H1960P3HI010-P045,17,18,1,1
H1960P3HI010,U1-H1960P3HI010-P103,13,14,8,1
H1960P3MA011,U1-H1960P3MA011-P022,10,11,1,1
H1960P3MA011,U1-H1960P3MA011-P049,9,11,8 9,2
H1960P3MA011,U1-H1960P3MA011-P058,8,9,2,1
H1960P3MA011,U1-H1960P3MA011-P107,11,12,5,1
H1960P3MA011,U1-H1960P3MA011-P115,8,9,4,1
H1960P3MA011,U1-H1960P3MA011-P118,11,13,1 8,2
H1960P3MA011,U1-H1960P3MA011-P157,10,11,2,1
H1960P3MA011,U1-H1960P3MA011-P165,4,5,3,1
H1960P3MA011,U1-H1960P3MA011-P169,11,12,1,1
H1960P3MA011,U1-H1960P3MA011-P181,9,10,1,1
H1960P3MA011,U1-H1960P3MA011-P182,16,17,14,1
H1960P3MA012,U1-H1960P3MA012-P002,11,12,8,1
H1960P3MA012,U1-H1960P3MA012-P018,7,8,1,1
H1960P3MA012,U1-H1960P3MA012-P029,44,46,16 31,2
H1960P3MA012,U1-H1960P3MA012-P033,17,18,11,1
H1960P3MA012,U1-H1960P3MA012-P041,12,13,6,1
H1960P3MA012,U1-H1960P3MA012-P051,14,17,9 12 15,3
H1960P3MA012,U1-H1960P3MA012-P071,12,13,5,1
H1960P3MA012,U1-H1960P3MA012-P110,11,12,3,1
H1960P3MA012,U1-H1960P3MA012-P131,14,15,2,1
H1960P3MA012,U1-H1960P3MA012-P142,13,14,8,1
H1960P3MA012,U1-H1960P3MA012-P169,16,17,9,1
H1960P3MA012,U1-H1960P3MA012-P192,9,10,7,1
H1960P3MA012,U1-H1960P3MA012-P214,6,7,1,1
H1960P4ES014,U1-H1960P4ES014-P005,10,11,4,1
H1960P4ES014,U1-H1960P4ES014-P012,44,45,24,1
H1960P4ES014,U1-H1960P4ES014-P027,24,25,11,1
H1960P4ES014,U1-H1960P4ES014-P031,32,33,9,1
H1960P4ES014,U1-H1960P4ES014-P034,6,7,6,1
H1960P4ES014,U1-H1960P4ES014-P043,20,21,1,1
H1960P4ES014,U1-H1960P4ES014-P101,25,26,1,1
H1960P4ES014,U1-H1960P4ES014-P158,30,31,7,1
H1960P4ES014,U1-H1960P4ES014-P166,19,22,9 12 15,3
H1960P4ES014,U1-H1960P4ES014-P185,10,12,6 7,2
H1960P4ES014,U1-H1960P4ES014-P191,14,15,11,1
H1960P4ES014,U1-H1960P4ES014-P197,36,37,2,1
H1960P4ES014,U1-H1960P4ES014-P201,18,19,8,1
H1960P4ES014,U1-H1960P4ES014-P203,28,30,20 21,2
H1960P4ES014,U1-H1960P4ES014-P226,24,25,18,1
H1960P4ES014,U1-H1960P4ES014-P229,91,92,24,1
H1960P4HI017,U1-H1960P4HI017-P014,14,15,7,1
H1960P4HI017,U1-H1960P4HI017-P023,21,22,1,1
H1960P4HI017,U1-H1960P4HI017-P025,22,23,17,1
H1960P4HI017,U1-H1960P4HI017-P027,21,22,9,1
H1960P4HI017,U1-H1960P4HI017-P031,33,34,18,1
H1960P4HI017,U1-H1960P4HI017-P036,24,25,17,1
H1960P4HI017,U1-H1960P4HI017-P037,21,22,21,1
H1960P4HI017,U1-H1960P4HI017-P051,24,25,17,1
H1960P4HI017,U1-H1960P4HI017-P056,12,13,7,1
H1960P4HI017,U1-H1960P4HI017-P086,10,11,1,1
H1960P4HI017,U1-H1960P4HI017-P094,10,11,8,1
H1960P4HI017,U1-H1960P4HI017-P101,25,26,10,1
H1960P4HI017,U1-H1960P4HI017-P107,5,6,1,1
H1960P4HI017,U1-H1960P4HI017-P123,13,14,13,1
H1960P4HI017,U1-H1960P4HI017-P126,14,15,7,1
H1960P4HI017,U1-H1960P4HI017-P130,13,14,11,1
H1960P4HI017,U1-H1960P4HI017-P131,23,24,12,1
H1960P4HI017,U1-H1960P4HI017-P132,13,15,3 10,2
H1960P4HI017,U1-H1960P4HI017-P138,12,13,5,1
H1960P4HI017,U1-H1960P4HI017-P139,12,13,2,1
H1960P4HI017,U1-H1960P4HI017-P148,15,16,7,1
H1960P4HI017,U1-H1960P4HI017-P170,2,3,2,1
H1960P4HI017,U1-H1960P4HI017-P175,14,15,1,1
H1960P4MA018,U1-H1960P4MA018-P058,14,15,13,1
H1960P4MA018,U1-H1960P4MA018-P066,23,24,1,1
H1960P4MA018,U1-H1960P4MA018-P087,11,13,5 8,2
H1960P4MA018,U1-H1960P4MA018-P108,13,16,2 5 7,3
H1960P4MA018,U1-H1960P4MA018-P113,11,12,8,1
H1960P4MA018,U1-H1960P4MA018-P121,9,10,1,1
H1960P4MA018,U1-H1960P4MA018-P143,9,11,7 9,2
H1960P4MA018,U1-H1960P4MA018-P145,20,21,7,1
H1960P4MA019,U1-H1960P4MA019-P033,10,11,9,1
H1960P4MA019,U1-H1960P4MA019-P091,9,11,9 10,2
H1960P4MA019,U1-H1960P4MA019-P109,5,6,1,1
H1960P4MA019,U1-H1960P4MA019-P111,11,12,5,1
H1960P4MA019,U1-H1960P4MA019-P118,11,12,1,1
H1960P4MA019,U1-H1960P4MA019-P124,8,9,6,1
H1960P4MA019,U1-H1960P4MA019-P126,17,18,16,1
H1960P4MA019,U1-H1960P4MA019-P146,10,11,1,1
H1960P4MA019,U1-H1960P4MA019-P179,9,10,1,1
H1960P4MA019,U1-H1960P4MA019-P200,10,11,6,1
H1960P5MA020,U1-H1960P5MA020-P012,34,35,12,1
H1960P5MA020,U1-H1960P5MA020-P048,20,21,5,1
H1960P5MA020,U1-H1960P5MA020-P055,27,28,17,1
H1960P5MA020,U1-H1960P5MA020-P081,34,35,12,1
H1960P5MA020,U1-H1960P5MA020-P095,17,18,2,1
H1960P5MA020,U1-H1960P5MA020-P113,19,20,4,1
H1960P5MA020,U1-H1960P5MA020-P168,31,32,14,1
H1960P5MA020,U1-H1960P5MA020-P172,16,17,8,1
H1960P5MA020,U1-H1960P5MA020-P173,16,17,14,1
H1960P5MA020,U1-H1960P5MA020-P181,36,37,16,1
H1960P5MA020,U1-H1960P5MA020-P189,18,19,18,1
H1960P5MA020,U1-H1960P5MA020-P206,18,19,14,1
H1960P5MA020,U1-H1960P5MA020-P225,20,21,20,1
H1960P5MA020,U1-H1960P5MA020-P229,25,27,6 26,2
H1960P5MA020,U1-H1960P5MA020-P250,16,17,16,1
H1960P5MA021,U1-H1960P5MA021-P002,4,5,2,1
H1960P5MA021,U1-H1960P5MA021-P031,16,17,15,1
H1960P5MA021,U1-H1960P5MA021-P043,21,23,1 22,2
H1960P5MA021,U1-H1960P5MA021-P049,18,19,1,1
H1960P5MA021,U1-H1960P5MA021-P072,21,22,15,1
H1960P5MA021,U1-H1960P5MA021-P081,22,23,14,1
H1960P5MA021,U1-H1960P5MA021-P082,21,22,7,1
H1960P5MA021,U1-H1960P5MA021-P096,12,13,11,1
H1960P5MA021,U1-H1960P5MA021-P101,11,12,8,1
H1960P5MA021,U1-H1960P5MA021-P121,15,16,12,1
H1960P5MA021,U1-H1960P5MA021-P122,14,15,9,1
H1960P5MA021,U1-H1960P5MA021-P177,10,11,1,1
H1960P5MA021,U1-H1960P5MA021-P189,17,18,17,1
H1966P2MA349,U1-H1966P2MA349-P022,18,19,10,1
H1966P2MA349,U1-H1966P2MA349-P042,25,26,17,1
H1966P2MA349,U1-H1966P2MA349-P063,13,14,11,1
H1966P2MA349,U1-H1966P2MA349-P103,5,6,1,1
H1966P2MA349,U1-H1966P2MA349-P111,5,6,3,1
H1966P3ES351,U1-H1966P3ES351-P002,7,8,7,1
H1966P3ES351,U1-H1966P3ES351-P063,43,45,40 43,2
H1966P3ES351,U1-H1966P3ES351-P066,27,29,19 25,2
H1966P3ES351,U1-H1966P3ES351-P071,18,19,18,1
H1966P3ES351,U1-H1966P3ES351-P088,11,12,1,1
H1966P3ES351,U1-H1966P3ES351-P141,24,30,13 15 17 21 24 27,6
H1966P3ES351,U1-H1966P3ES351-P142,20,21,1,1
H1966P3ES351,U1-H1966P3ES351-P145,10,12,4 7,2
H1966P3ES351,U1-H1966P3ES351-P151,12,13,4,1
H1966P3ES351,U1-H1966P3ES351-P180,10,12,6 10,2
H1966P3ES351,U1-H1966P3ES351-P182,16,17,3,1
H1966P3ES351,U1-H1966P3ES351-P185,14,15,5,1
H1966P3ES351,U1-H1966P3ES351-P206,13,14,2,1
H1966P3MA355,U1-H1966P3MA355-P040,15,16,7,1
H1966P3MA355,U1-H1966P3MA355-P041,12,13,10,1
H1966P3MA355,U1-H1966P3MA355-P044,19,20,16,1
H1966P3MA355,U1-H1966P3MA355-P045,13,15,1 13,2
H1966P3MA355,U1-H1966P3MA355-P074,12,13,1,1
H1966P3MA355,U1-H1966P3MA355-P097,13,14,11,1
H1966P3MA355,U1-H1966P3MA355-P118,18,19,1,1
H1966P3MA355,U1-H1966P3MA355-P132,15,16,8,1
H1966P3MA355,U1-H1966P3MA355-P133,16,17,1,1
H1966P3MA355,U1-H1966P3MA355-P145,20,21,12,1
H1966P3MA355,U1-H1966P3MA355-P156,16,18,4 7,2
H1966P3MA355,U1-H1966P3MA355-P164,7,8,5,1
H1966P3MA355,U1-H1966P3MA355-P166,15,16,8,1
H1966P3MA355,U1-H1966P3MA355-P172,13,14,1,1
H1966P3MA356,U1-H1966P3MA356-P027,16,17,6,1
H1966P3MA356,U1-H1966P3MA356-P054,11,12,6,1
H1966P3MA356,U1-H1966P3MA356-P057,11,12,9,1
H1966P3MA356,U1-H1966P3MA356-P065,14,15,13,1
H1966P3MA356,U1-H1966P3MA356-P132,7,8,1,1
H1966P3MA356,U1-H1966P3MA356-P133,6,7,3,1
H1966P3MA356,U1-H1966P3MA356-P203,16,17,14,1
H1966P3MA357,U1-H1966P3MA357-P034,18,19,3,1
H1966P3MA357,U1-H1966P3MA357-P053,7,10,4 6 7,3
H1966P3MA357,U1-H1966P3MA357-P054,11,12,8,1
H1966P3MA357,U1-H1966P3MA357-P077,14,15,4,1
H1966P3MA357,U1-H1966P3MA357-P081,12,13,10,1
H1966P3MA357,U1-H1966P3MA357-P108,15,16,1,1
H1966P3MA357,U1-H1966P3MA357-P111,16,17,11,1
H1966P3MA357,U1-H1966P3MA357-P126,12,13,2,1
H1966P3MA357,U1-H1966P3MA357-P127,13,14,2,1
H1966P3MA357,U1-H1966P3MA357-P174,19,20,16,1
H1966P4ES359,U1-H1966P4ES359-P014,34,35,27,1
H1966P4ES359,U1-H1966P4ES359-P032,20,22,17 18,2
H1966P4ES359,U1-H1966P4ES359-P043,21,22,1,1
H1966P4ES359,U1-H1966P4ES359-P099,19,20,12,1
H1966P4ES359,U1-H1966P4ES359-P100,17,18,5,1
H1966P4ES359,U1-H1966P4ES359-P102,10,11,7,1
H1966P4ES359,U1-H1966P4ES359-P140,21,22,21,1
H1966P4ES359,U1-H1966P4ES359-P166,16,17,8,1
H1966P4ES359,U1-H1966P4ES359-P169,11,12,8,1
H1966P4ES359,U1-H1966P4ES359-P185,10,12,6 7,2
H1966P4ES359,U1-H1966P4ES359-P189,16,17,12,1
H1966P4ES359,U1-H1966P4ES359-P227,22,23,1,1
H1966P4ES359,U1-H1966P4ES359-P228,13,14,9,1
H1966P4HI361,U1-H1966P4HI361-P020,22,24,14 16,2
H1966P4HI361,U1-H1966P4HI361-P025,24,25,17,1
H1966P4HI361,U1-H1966P4HI361-P031,29,30,17,1
H1966P4HI361,U1-H1966P4HI361-P036,23,24,16,1
H1966P4HI361,U1-H1966P4HI361-P083,15,16,14,1
H1966P4HI361,U1-H1966P4HI361-P092,23,24,8,1
H1966P4HI361,U1-H1966P4HI361-P106,13,14,11,1
H1966P4HI361,U1-H1966P4HI361-P124,17,18,14,1
H1966P4HI361,U1-H1966P4HI361-P128,13,14,10,1
H1966P4HI361,U1-H1966P4HI361-P131,10,11,3,1
H1966P4HI361,U1-H1966P4HI361-P136,14,15,4,1
H1966P4HI361,U1-H1966P4HI361-P137,13,14,1,1
H1966P4HI361,U1-H1966P4HI361-P141,20,21,16,1
H1966P4HI361,U1-H1966P4HI361-P146,14,15,7,1
H1966P4HI361,U1-H1966P4HI361-P151,11,12,1,1
H1966P4HI361,U1-H1966P4HI361-P168,7,8,4,1
H1966P4HI361,U1-H1966P4HI361-P185,23,24,2,1
H1966P4MA362,U1-H1966P4MA362-P006,4,5,4,1
H1966P4MA362,U1-H1966P4MA362-P013,14,15,10,1
H1966P4MA362,U1-H1966P4MA362-P043,14,15,1,1
H1966P4MA362,U1-H1966P4MA362-P048,16,17,2,1
H1966P4MA362,U1-H1966P4MA362-P059,13,14,7,1
H1966P4MA362,U1-H1966P4MA362-P064,23,25,5 7,2
H1966P4MA362,U1-H1966P4MA362-P091,14,15,3,1
H1966P4MA362,U1-H1966P4MA362-P093,17,18,16,1
H1966P4MA362,U1-H1966P4MA362-P102,24,25,7,1
H1966P4MA362,U1-H1966P4MA362-P111,9,10,4,1
H1966P4MA362,U1-H1966P4MA362-P139,10,11,1,1
H1966P4MA363,U1-H1966P4MA363-P049,16,17,3,1
H1966P4MA363,U1-H1966P4MA363-P055,21,22,21,1
H1966P4MA363,U1-H1966P4MA363-P125,9,10,1,1
H1966P4MA363,U1-H1966P4MA363-P149,15,16,12,1
H1966P4MA363,U1-H1966P4MA363-P162,14,15,6,1
H1966P4MA363,U1-H1966P4MA363-P211,10,11,3,1
H1966P4MA363,U1-H1966P4MA363-P219,39,42,2 36 38,3
H1966P4MA363,U1-H1966P4MA363-P220,67,73,26 28 51 53 63 70,6
H1966P5HI369,U1-H1966P5HI369-P020,26,27,1,1
H1966P5HI369,U1-H1966P5HI369-P021,5,7,2 4,2
H1966P5HI369,U1-H1966P5HI369-P024,11,12,11,1
H1966P5HI369,U1-H1966P5HI369-P025,30,31,23,1
H1966P5HI369,U1-H1966P5HI369-P036,5,6,1,1
H1966P5HI369,U1-H1966P5HI369-P039,29,31,1 2,2
H1966P5HI369,U1-H1966P5HI369-P041,13,14,5,1
H1966P5HI369,U1-H1966P5HI369-P043,12,13,12,1
H1966P5HI369,U1-H1966P5HI369-P046,10,11,10,1
H1966P5HI369,U1-H1966P5HI369-P054,10,11,1,1
H1966P5HI369,U1-H1966P5HI369-P056,21,23,14 21,2
H1966P5HI369,U1-H1966P5HI369-P064,10,11,7,1
H1966P5HI369,U1-H1966P5HI369-P077,8,9,1,1
H1966P5HI369,U1-H1966P5HI369-P080,23,25,6 7,2
H1966P5HI369,U1-H1966P5HI369-P084,11,12,1,1
H1966P5HI369,U1-H1966P5HI369-P086,5,6,3,1
H1966P5HI369,U1-H1966P5HI369-P087,18,19,14,1
H1966P5HI369,U1-H1966P5HI369-P088,21,22,7,1
H1966P5HI369,U1-H1966P5HI369-P090,20,21,13,1
H1966P5HI369,U1-H1966P5HI369-P091,20,21,2,1
H1966P5HI369,U1-H1966P5HI369-P093,9,10,3,1
H1966P5HI369,U1-H1966P5HI369-P095,15,17,2 5,2
H1966P5HI369,U1-H1966P5HI369-P097,18,19,10,1
H1966P5HI369,U1-H1966P5HI369-P115,8,9,1,1
H1966P5HI369,U1-H1966P5HI369-P117,8,11,3 5 8,3
H1966P5HI369,U1-H1966P5HI369-P126,11,12,6,1
H1966P5HI370,U1-H1966P5HI370-P003,2,3,1,1
H1966P5HI370,U1-H1966P5HI370-P033,34,35,16,1
H1966P5HI370,U1-H1966P5HI370-P084,7,8,6,1
H1966P5HI370,U1-H1966P5HI370-P089,17,19,16 17,2
H1966P5HI370,U1-H1966P5HI370-P110,8,9,1,1
H1966P5HI370,U1-H1966P5HI370-P111,8,9,1,1
H1966P5HI370,U1-H1966P5HI370-P207,16,18,5 8,2
H1966P5HI370,U1-H1966P5HI370-P217,23,24,23,1
H1966P5MA371,U1-H1966P5MA371-P012,28,29,11,1
H1966P5MA371,U1-H1966P5MA371-P038,19,21,7 9,2
H1966P5MA371,U1-H1966P5MA371-P039,13,14,9,1
H1966P5MA371,U1-H1966P5MA371-P044,17,18,9,1
H1966P5MA371,U1-H1966P5MA371-P051,17,18,15,1
H1966P5MA371,U1-H1966P5MA371-P055,29,30,21,1
H1966P5MA371,U1-H1966P5MA371-P059,16,17,6,1
H1966P5MA371,U1-H1966P5MA371-P081,24,25,20,1
H1966P5MA371,U1-H1966P5MA371-P112,27,28,8,1
H1966P5MA371,U1-H1966P5MA371-P113,21,23,6 18,2
H1966P5MA371,U1-H1966P5MA371-P122,18,19,4,1
H1966P5MA371,U1-H1966P5MA371-P126,34,35,28,1
H1966P5MA371,U1-H1966P5MA371-P153,18,19,4,1
H1966P5MA371,U1-H1966P5MA371-P155,15,16,5,1
H1966P5MA371,U1-H1966P5MA371-P192,17,18,15,1
H1966P5MA371,U1-H1966P5MA371-P199,29,30,16,1
H1966P5MA371,U1-H1966P5MA371-P206,17,18,13,1
H1966P5MA371,U1-H1966P5MA371-P224,24,25,1,1
H1966P5MA371,U1-H1966P5MA371-P229,32,33,9,1
H1966P5MA371,U1-H1966P5MA371-P231,23,25,9 12,2
H1966P5MA371,U1-H1966P5MA371-P247,13,14,3,1
H1966P5MA371,U1-H1966P5MA371-P248,20,21,20,1
H1966P5MA372,U1-H1966P5MA372-P017,7,8,3,1
H1966P5MA372,U1-H1966P5MA372-P019,16,17,15,1
H1966P5MA372,U1-H1966P5MA372-P041,11,12,11,1
H1966P5MA372,U1-H1966P5MA372-P154,6,7,2,1
H1966P5MA372,U1-H1966P5MA372-P176,11,12,1,1
H1966P5MA372,U1-H1966P5MA372-P203,14,15,13,1
H1966P5MA372,U1-H1966P5MA372-P210,15,16,1,1
H1966P5MA373,U1-H1966P5MA373-P026,9,10,8,1
H1966P5MA373,U1-H1966P5MA373-P031,14,15,12,1
H1966P5MA373,U1-H1966P5MA373-P037,13,14,13,1
H1966P5MA373,U1-H1966P5MA373-P051,13,14,8,1
H1966P5MA373,U1-H1966P5MA373-P053,24,25,1,1
H1966P5MA373,U1-H1966P5MA373-P057,19,20,17,1
H1966P5MA373,U1-H1966P5MA373-P061,19,21,8 17,2
H1966P5MA373,U1-H1966P5MA373-P067,15,16,6,1
H1966P5MA373,U1-H1966P5MA373-P076,20,21,10,1
H1966P5MA373,U1-H1966P5MA373-P077,27,28,11,1
H1966P5MA373,U1-H1966P5MA373-P089,17,18,4,1
H1966P5MA373,U1-H1966P5MA373-P092,19,20,9,1
H1966P5MA373,U1-H1966P5MA373-P103,8,9,1,1
H1966P5MA373,U1-H1966P5MA373-P138,27,31,1 7 15 17,4
H1966P5MA373,U1-H1966P5MA373-P140,6,7,6,1
H1966P5MA373,U1-H1966P5MA373-P165,15,16,15,1
H1966P6HI379,U1-H1966P6HI379-P021,20,21,13,1
H1966P6HI379,U1-H1966P6HI379-P038,11,12,10,1
H1966P6HI379,U1-H1966P6HI379-P043,18,19,10,1
H1966P6HI379,U1-H1966P6HI379-P047,15,16,1,1
H1966P6HI379,U1-H1966P6HI379-P053,28,29,28,1
H1966P6HI379,U1-H1966P6HI379-P057,8,9,5,1
H1966P6HI379,U1-H1966P6HI379-P060,8,10,7 9,2
H1966P6HI379,U1-H1966P6HI379-P062,11,14,5 7 13,3
H1966P6HI379,U1-H1966P6HI379-P082,14,15,7,1
H1966P6HI379,U1-H1966P6HI379-P117,24,25,12,1
H1966P6HI379,U1-H1966P6HI379-P125,19,20,19,1
H1966P6HI380,U1-H1966P6HI380-P049,16,17,8,1
H1966P6HI380,U1-H1966P6HI380-P132,9,10,8,1
H1966P6HI380,U1-H1966P6HI380-P137,16,17,12,1
H1966P6HI380,U1-H1966P6HI380-P144,11,12,8,1
H1966P6HI380,U1-H1966P6HI380-P153,9,10,8,1
H1966P6HI380,U1-H1966P6HI380-P242,10,11,6,1
H1966P6HI380,U1-H1966P6HI380-P248,40,41,15,1
H1966P6HI380,U1-H1966P6HI380-P250,38,39,29,1
H1966P6MA381,U1-H1966P6MA381-P036,6,7,4,1
H1966P6MA381,U1-H1966P6MA381-P072,20,21,2,1
H1966P6MA381,U1-H1966P6MA381-P074,23,24,15,1
H1966P6MA381,U1-H1966P6MA381-P091,19,20,6,1
H1966P6MA381,U1-H1966P6MA381-P117,13,14,6,1
H1966P6MA382,U1-H1966P6MA382-P010,24,25,2,1
H1966P6MA382,U1-H1966P6MA382-P017,15,16,1,1
H1966P6MA382,U1-H1966P6MA382-P018,18,19,13,1
H1966P6MA382,U1-H1966P6MA382-P053,20,21,5,1
H1966P6MA382,U1-H1966P6MA382-P055,26,27,1,1
H1966P6MA382,U1-H1966P6MA382-P062,25,26,25,1
H1966P6MA382,U1-H1966P6MA382-P074,16,17,2,1
H1966P6MA382,U1-H1966P6MA382-P085,21,22,2,1
H1966P6MA382,U1-H1966P6MA382-P086,12,13,11,1
H1966P6MA382,U1-H1966P6MA382-P122,15,16,2,1
H1966P6MA382,U1-H1966P6MA382-P133,18,19,13,1
H1966P6MA382,U1-H1966P6MA382-P137,19,20,15,1
H1966P6MA382,U1-H1966P6MA382-P141,19,20,4,1
H1972P1CI059,U1-H1972P1CI059-P129,6,7,6,1
H1972P3CI071,U1-H1972P3CI071-P043,7,8,1,1
H1972P3CI071,U1-H1972P3CI071-P061,9,10,9,1
H1972P3CI071,U1-H1972P3CI071-P140,7,8,3,1
H1972P3CI071,U1-H1972P3CI071-P167,8,9,8,1
H1972P3CI071,U1-H1972P3CI071-P218,34,35,13,1
H1993P3HI157,U1-H1993P3HI157-P036,17,18,7,1
H1993P3HI157,U1-H1993P3HI157-P050,20,22,7 11,2
H1993P3HI157,U1-H1993P3HI157-P065,13,14,2,1
H1993P3HI157,U1-H1993P3HI157-P072,13,14,12,1
H1993P3HI158,U1-H1993P3HI158-P061,8,9,3,1
H1993P3HI158,U1-H1993P3HI158-P139,12,13,2,1
H1993P3HI158,U1-H1993P3HI158-P159,115,116,57,1
H1993P3HI159,U1-H1993P3HI159-P063,13,14,4,1
H1993P3HI159,U1-H1993P3HI159-P153,61,62,47,1
H1993P3HI160,U1-H1993P3HI160-P017,20,23,7 12 17,3
H1993P3HI160,U1-H1993P3HI160-P041,13,14,12,1
H1993P3HI160,U1-H1993P3HI160-P047,13,14,6,1
H1993P3HI160,U1-H1993P3HI160-P054,16,18,6 16,2
H1993P3HI160,U1-H1993P3HI160-P062,6,8,4 6,2
H1993P3HI160,U1-H1993P3HI160-P070,19,20,19,1
H1993P3HI160,U1-H1993P3HI160-P084,13,14,8,1
H1993P3HI160,U1-H1993P3HI160-P095,16,17,12,1
H1993P3HI160,U1-H1993P3HI160-P105,14,15,14,1
H1993P3HI160,U1-H1993P3HI160-P111,11,12,8,1
H1993P3HI160,U1-H1993P3HI160-P115,11,12,8,1
H1993P3HI160,U1-H1993P3HI160-P119,13,14,7,1
H1993P3HI160,U1-H1993P3HI160-P121,13,14,8,1
H1993P3HI160,U1-H1993P3HI160-P138,13,14,9,1
H1993P3HI160,U1-H1993P3HI160-P153,17,19,2 13,2
H1993P3HI160,U1-H1993P3HI160-P157,11,12,7,1
H1993P3HI161,U1-H1993P3HI161-P006,12,13,3,1
H1993P3HI161,U1-H1993P3HI161-P068,16,17,13,1
H1993P3HI161,U1-H1993P3HI161-P093,8,10,8 9,2
H1993P3HI161,U1-H1993P3HI161-P106,4,5,2,1
H1993P3HI161,U1-H1993P3HI161-P112,4,5,2,1
H1993P3HI161,U1-H1993P3HI161-P115,15,16,11,1
H1993P3HI161,U1-H1993P3HI161-P146,6,7,3,1
H1993P3HI162,U1-H1993P3HI162-P014,28,29,9,1
H1993P3HI162,U1-H1993P3HI162-P019,14,15,12,1
H1993P3HI162,U1-H1993P3HI162-P051,16,20,7 14 17 19,4
H1993P3HI162,U1-H1993P3HI162-P070,6,7,2,1
H1993P3HI162,U1-H1993P3HI162-P089,14,18,2 5 9 13,4
H1993P3HI162,U1-H1993P3HI162-P101,18,20,10 19,2
H1993P3HI162,U1-H1993P3HI162-P105,20,21,6,1
H1993P3HI162,U1-H1993P3HI162-P113,17,18,7,1
H1993P3HI162,U1-H1993P3HI162-P154,13,14,13,1
H1993P3HI163,U1-H1993P3HI163-P018,19,20,12,1
H1993P3HI163,U1-H1993P3HI163-P069,19,20,12,1
H1993P3HI163,U1-H1993P3HI163-P091,16,17,11,1
H1993P3HI165,U1-H1993P3HI165-P096,7,8,3,1
H1993P3HI165,U1-H1993P3HI165-P111,13,14,7,1
H1993P3HI165,U1-H1993P3HI165-P112,14,15,14,1
H1993P3HI165,U1-H1993P3HI165-P130,14,16,14 15,2
H1993P3HI165,U1-H1993P3HI165-P141,18,19,11,1
H1993P3HI166,U1-H1993P3HI166-P059,20,21,7,1
H1993P3HI166,U1-H1993P3HI166-P084,7,8,2,1
H1993P3HI166,U1-H1993P3HI166-P131,10,11,1,1
H1993P3HI166,U1-H1993P3HI166-P133,23,24,2,1
H1993P3HI166,U1-H1993P3HI166-P139,22,23,1,1
H1993P3HI167,U1-H1993P3HI167-P011,11,12,7,1
H1993P3HI167,U1-H1993P3HI167-P066,21,22,2,1
H1993P3HI167,U1-H1993P3HI167-P086,13,14,2,1
H1993P3HI167,U1-H1993P3HI167-P087,11,12,2,1
H1993P3HI167,U1-H1993P3HI167-P124,8,9,7,1
H1993P3HI167,U1-H1993P3HI167-P126,15,16,11,1
H1993P3HI167,U1-H1993P3HI167-P134,13,14,10,1
H1993P3HI167,U1-H1993P3HI167-P158,19,20,14,1
H1993P3HI168,U1-H1993P3HI168-P069,13,14,8,1
H1993P3HI168,U1-H1993P3HI168-P091,12,13,4,1
H1993P3HI168,U1-H1993P3HI168-P128,7,8,1,1
H1993P3HI169,U1-H1993P3HI169-P013,25,31,4 6 9 11 13 16,6
H1993P3HI169,U1-H1993P3HI169-P055,29,30,28,1
H1993P3HI170,U1-H1993P3HI170-P015,32,33,19,1
H1993P3HI170,U1-H1993P3HI170-P021,22,23,20,1
H1993P3HI170,U1-H1993P3HI170-P067,20,22,7 10,2
H1993P3HI170,U1-H1993P3HI170-P078,21,22,6,1
H1993P3HI170,U1-H1993P3HI170-P086,7,9,1 4,2
H1993P3HI170,U1-H1993P3HI170-P111,10,11,5,1
H1993P3HI171,U1-H1993P3HI171-P040,10,11,8,1
H1993P3HI171,U1-H1993P3HI171-P118,14,15,14,1
H1993P3HI171,U1-H1993P3HI171-P131,14,15,7,1
H1993P3HI171,U1-H1993P3HI171-P138,19,20,15,1
H1993P3HI172,U1-H1993P3HI172-P011,12,13,6,1
H1993P3HI172,U1-H1993P3HI172-P019,10,11,6,1
H1993P3HI172,U1-H1993P3HI172-P038,8,9,5,1
H1993P3HI172,U1-H1993P3HI172-P065,15,16,1,1
H1993P3HI172,U1-H1993P3HI172-P085,17,18,5,1
H1993P3HI172,U1-H1993P3HI172-P099,8,9,2,1
H1993P3HI172,U1-H1993P3HI172-P101,7,8,6,1
H1993P3HI172,U1-H1993P3HI172-P103,12,13,6,1
H1993P3HI172,U1-H1993P3HI172-P123,13,14,6,1
H1993P3HI173,U1-H1993P3HI173-P129,22,25,3 8 12,3
H1993P3HI174,U1-H1993P3HI174-P014,14,15,9,1
H1993P3HI174,U1-H1993P3HI174-P062,16,17,11,1
H1993P3HI174,U1-H1993P3HI174-P068,9,10,4,1
H1993P3HI174,U1-H1993P3HI174-P149,12,13,4,1
H1993P3HI175,U1-H1993P3HI175-P041,17,18,4,1
H1993P3HI175,U1-H1993P3HI175-P043,25,36,2 4 6 8 10 12 14 16 18 21 23,11
H1993P3HI175,U1-H1993P3HI175-P079,19,22,12 13 16,3
H1993P3HI175,U1-H1993P3HI175-P135,16,17,15,1
H1993P3HI175,U1-H1993P3HI175-P162,5,6,3,1
H1993P3HI176,U1-H1993P3HI176-P041,16,17,7,1
H1993P3HI176,U1-H1993P3HI176-P082,11,12,1,1
H1993P3HI176,U1-H1993P3HI176-P147,29,30,28,1
H1993P3HI177,U1-H1993P3HI177-P064,21,22,8,1
H1993P3HI177,U1-H1993P3HI177-P090,32,33,1,1
H1993P3HI177,U1-H1993P3HI177-P118,12,13,3,1
H1993P3HI177,U1-H1993P3HI177-P131,35,39,9 12 17 20,4
H1993P3HI177,U1-H1993P3HI177-P135,15,16,4,1
H1993P3HI177,U1-H1993P3HI177-P149,13,14,12,1
H1993P3HI177,U1-H1993P3HI177-P155,17,18,16,1
H1993P3HI178,U1-H1993P3HI178-P011,11,12,3,1
H1993P3HI178,U1-H1993P3HI178-P038,8,10,7 8,2
H1993P3HI178,U1-H1993P3HI178-P039,16,17,2,1
H1993P3HI178,U1-H1993P3HI178-P040,9,10,1,1
H1993P3HI178,U1-H1993P3HI178-P082,11,12,10,1
H1993P3HI179,U1-H1993P3HI179-P022,19,25,8 13 15 17 19 23,6
H1993P3HI179,U1-H1993P3HI179-P027,26,27,15,1
H1993P3HI179,U1-H1993P3HI179-P034,18,19,18,1
H1993P3HI179,U1-H1993P3HI179-P060,19,20,15,1
H1993P3HI179,U1-H1993P3HI179-P085,22,29,4 8 10 13 15 19 25,7
H1993P3HI179,U1-H1993P3HI179-P141,27,28,11,1
H1993P3HI180,U1-H1993P3HI180-P011,13,14,6,1
H1993P3HI180,U1-H1993P3HI180-P120,18,19,7,1
H1993P3HI181,U1-H1993P3HI181-P061,8,9,1,1
H1993P3HI181,U1-H1993P3HI181-P125,9,10,3,1
H1993P3HI181,U1-H1993P3HI181-P136,5,6,4,1
H1993P3HI182,U1-H1993P3HI182-P042,13,14,12,1
H1993P3HI182,U1-H1993P3HI182-P078,17,18,2,1
H1993P3HI182,U1-H1993P3HI182-P086,6,7,2,1
H1993P3HI182,U1-H1993P3HI182-P097,23,24,2,1
H1993P3HI182,U1-H1993P3HI182-P099,11,12,3,1
H1993P3HI182,U1-H1993P3HI182-P100,16,17,13,1
H1993P3HI182,U1-H1993P3HI182-P104,13,14,7,1
H1993P3HI182,U1-H1993P3HI182-P127,18,19,1,1
H1993P3HI182,U1-H1993P3HI182-P144,10,11,6,1
H1993P3HI182,U1-H1993P3HI182-P152,11,12,7,1
H1993P3HI183,U1-H1993P3HI183-P011,19,20,13,1
H1993P3HI183,U1-H1993P3HI183-P020,9,10,6,1
H1993P3HI183,U1-H1993P3HI183-P043,1,2,1,1
H1993P3HI183,U1-H1993P3HI183-P078,9,10,3,1
H1993P3HI184,U1-H1993P3HI184-P019,36,37,11,1
H1993P3HI184,U1-H1993P3HI184-P021,31,32,3,1
H1993P3HI184,U1-H1993P3HI184-P100,3,4,1,1
H1993P3HI184,U1-H1993P3HI184-P158,33,34,15,1
H1993P3HI185,U1-H1993P3HI185-P043,18,19,7,1
H1993P3HI185,U1-H1993P3HI185-P059,12,14,6 9,2
H1993P3HI185,U1-H1993P3HI185-P067,5,6,5,1
H1993P3HI185,U1-H1993P3HI185-P069,25,28,3 19 20,3
H1993P3HI185,U1-H1993P3HI185-P073,6,7,3,1
H1993P3HI185,U1-H1993P3HI185-P104,8,9,1,1
H1993P3HI185,U1-H1993P3HI185-P124,11,12,10,1
H1993P3HI185,U1-H1993P3HI185-P143,14,15,11,1
H1993P3HI186,U1-H1993P3HI186-P133,9,10,2,1
H1993P3HI187,U1-H1993P3HI187-P008,11,12,1,1
H1993P3HI187,U1-H1993P3HI187-P009,8,9,8,1
H1993P3HI187,U1-H1993P3HI187-P080,6,7,4,1
H1993P3HI188,U1-H1993P3HI188-P054,13,14,2,1
H1993P3HI188,U1-H1993P3HI188-P086,10,11,1,1
H1993P3HI188,U1-H1993P3HI188-P125,7,8,4,1
H2008P1CI249,U1-H2008P1CI249-P017,8,9,3,1
H2008P1CI249,U1-H2008P1CI249-P039,5,6,2,1
H2008P1CI249,U1-H2008P1CI249-P085,7,8,3,1
H2011P1CI293,U1-H2011P1CI293-P033,9,14,1 4 6 8 10,5
H2011P1CI293,U1-H2011P1CI293-P035,20,21,13,1
H2011P1CI293,U1-H2011P1CI293-P036,16,17,16,1
H2011P1CI293,U1-H2011P1CI293-P065,8,9,8,1
H2011P1CI293,U1-H2011P1CI293-P126,22,27,14 17 19 21 23,5
H2011P1CI293,U1-H2011P1CI293-P141,25,26,16,1
H2011P1CI293,U1-H2011P1CI293-P163,16,17,11,1
H2011P2CI300,U1-H2011P2CI300-P023,19,20,2,1
H2011P2CI300,U1-H2011P2CI300-P062,12,13,3,1
H2011P2CI300,U1-H2011P2CI300-P076,8,9,1,1
H2011P2CI300,U1-H2011P2CI300-P088,7,8,3,1
H2011P2CI300,U1-H2011P2CI300-P115,19,21,6 9,2
H2011P2CI300,U1-H2011P2CI300-P124,15,16,3,1
H2014P2ENA,U1-H2014P2ENA-P021,15,16,1,1
H2014P2ENA,U1-H2014P2ENA-P023,17,20,4 6 9,3
H2014P2ENA,U1-H2014P2ENA-P032,14,17,4 5 6,3
H2014P2ENA,U1-H2014P2ENA-P035,6,7,3,1
H2014P2ENA,U1-H2014P2ENA-P041,18,19,9,1
H2014P2ENA,U1-H2014P2ENA-P088,6,7,2,1
H2014P2ENA,U1-H2014P2ENA-P131,28,29,15,1
H2014P2ENA,U1-H2014P2ENA-P134,22,24,5 13,2
