analysis_version,viewer_a,viewer_b,generation_a,generation_b,grade_a,grade_b,same_generation,same_grade,unique_units_a,unique_units_b,shared_unique_units,jaccard,containment_a_in_b,containment_b_in_a
LTMD_U1_W8_ARTES_EXACT_REUSE_0.1,H2014P3EAA,H2019P3EAA,2014,2019,3,3,0,1,850,861,513,0.428214,0.603529,0.595819
LTMD_U1_W8_ARTES_EXACT_REUSE_0.1,H2014P4EAA,H2019P4EAA,2014,2019,4,4,0,1,860,829,423,0.334123,0.491860,0.510253
LTMD_U1_W8_ARTES_EXACT_REUSE_0.1,H2014P5EAA,H2019P5EAA,2014,2019,5,5,0,1,886,823,388,0.293717,0.437923,0.471446
LTMD_U1_W8_ARTES_EXACT_REUSE_0.1,H2014P6EAA,H2019P6EAA,2014,2019,6,6,0,1,780,756,311,0.253878,0.398718,0.411376
LTMD_U1_W8_ARTES_EXACT_REUSE_0.1,H2011P3ED309,H2014P3EAA,2011,2014,3,3,0,1,864,850,184,0.120261,0.212963,0.216471
LTMD_U1_W8_ARTES_EXACT_REUSE_0.1,H2011P3ED309,H2019P3EAA,2011,2019,3,3,0,1,864,861,159,0.101533,0.184028,0.184669
LTMD_U1_W8_ARTES_EXACT_REUSE_0.1,H2011P5ED327,H2014P5EAA,2011,2014,5,5,0,1,947,886,147,0.087189,0.155227,0.165914
LTMD_U1_W8_ARTES_EXACT_REUSE_0.1,H2011P6CI337,H2019P6EAA,2011,2019,6,6,0,1,942,756,130,0.082908,0.138004,0.171958
LTMD_U1_W8_ARTES_EXACT_REUSE_0.1,H2011P5ED327,H2019P5EAA,2011,2019,5,5,0,1,947,823,119,0.072078,0.125660,0.144593
LTMD_U1_W8_ARTES_EXACT_REUSE_0.1,H2011P4ED317,H2014P4EAA,2011,2014,4,4,0,1,865,860,118,0.073429,0.136416,0.137209
LTMD_U1_W8_ARTES_EXACT_REUSE_0.1,H2011P6CI337,H2014P6EAA,2011,2014,6,6,0,1,942,780,114,0.070896,0.121019,0.146154
LTMD_U1_W8_ARTES_EXACT_REUSE_0.1,H2011P4ED317,H2019P4EAA,2011,2019,4,4,0,1,865,829,106,0.066751,0.122543,0.127865
LTMD_U1_W8_ARTES_EXACT_REUSE_0.1,H2008P5ED279,H2011P5ED327,2008,2011,5,5,0,1,1036,947,86,0.045335,0.083012,0.090813
LTMD_U1_W8_ARTES_EXACT_REUSE_0.1,H2008P5ED279,H2014P5EAA,2008,2014,5,5,0,1,1036,886,59,0.031669,0.056950,0.066591
LTMD_U1_W8_ARTES_EXACT_REUSE_0.1,H2014P3EAA,H2014P4EAA,2014,2014,3,4,1,0,850,860,57,0.034483,0.067059,0.066279
LTMD_U1_W8_ARTES_EXACT_REUSE_0.1,H2014P3EAA,H2014P6EAA,2014,2014,3,6,1,0,850,780,50,0.031646,0.058824,0.064103
LTMD_U1_W8_ARTES_EXACT_REUSE_0.1,H2014P4EAA,H2014P6EAA,2014,2014,4,6,1,0,860,780,48,0.030151,0.055814,0.061538
LTMD_U1_W8_ARTES_EXACT_REUSE_0.1,H2014P5EAA,H2014P6EAA,2014,2014,5,6,1,0,886,780,43,0.026494,0.048533,0.055128
LTMD_U1_W8_ARTES_EXACT_REUSE_0.1,H2011P3ED309,H2011P4ED317,2011,2011,3,4,1,0,864,865,43,0.025504,0.049769,0.049711
LTMD_U1_W8_ARTES_EXACT_REUSE_0.1,H2014P4EAA,H2014P5EAA,2014,2014,4,5,1,0,860,886,43,0.025250,0.050000,0.048533
LTMD_U1_W8_ARTES_EXACT_REUSE_0.1,H2008P5ED279,H2019P5EAA,2008,2019,5,5,0,1,1036,823,40,0.021990,0.038610,0.048603
LTMD_U1_W8_ARTES_EXACT_REUSE_0.1,H2014P3EAA,H2014P5EAA,2014,2014,3,5,1,0,850,886,39,0.022982,0.045882,0.044018
LTMD_U1_W8_ARTES_EXACT_REUSE_0.1,H2014P4EAA,H2019P5EAA,2014,2019,4,5,0,0,860,823,37,0.022479,0.043023,0.044957
LTMD_U1_W8_ARTES_EXACT_REUSE_0.1,H2019P4EAA,H2019P5EAA,2019,2019,4,5,1,0,829,823,35,0.021645,0.042220,0.042527
LTMD_U1_W8_ARTES_EXACT_REUSE_0.1,H2011P3ED309,H2011P5ED327,2011,2011,3,5,1,0,864,947,34,0.019133,0.039352,0.035903
LTMD_U1_W8_ARTES_EXACT_REUSE_0.1,H2014P3EAA,H2019P5EAA,2014,2019,3,5,0,0,850,823,33,0.020122,0.038824,0.040097
LTMD_U1_W8_ARTES_EXACT_REUSE_0.1,H2019P3EAA,H2019P4EAA,2019,2019,3,4,1,0,861,829,33,0.019916,0.038328,0.039807
LTMD_U1_W8_ARTES_EXACT_REUSE_0.1,H2014P6EAA,H2019P5EAA,2014,2019,6,5,0,0,780,823,32,0.020369,0.041026,0.038882
LTMD_U1_W8_ARTES_EXACT_REUSE_0.1,H2008P2ED259,H2008P5ED279,2008,2008,2,5,1,0,755,1036,32,0.018192,0.042384,0.030888
LTMD_U1_W8_ARTES_EXACT_REUSE_0.1,H2014P6EAA,H2019P4EAA,2014,2019,6,4,0,0,780,829,30,0.018999,0.038462,0.036188
LTMD_U1_W8_ARTES_EXACT_REUSE_0.1,H2019P3EAA,H2019P5EAA,2019,2019,3,5,1,0,861,823,29,0.017523,0.033682,0.035237
LTMD_U1_W8_ARTES_EXACT_REUSE_0.1,H2011P4ED317,H2011P5ED327,2011,2011,4,5,1,0,865,947,29,0.016265,0.033526,0.030623
LTMD_U1_W8_ARTES_EXACT_REUSE_0.1,H2008P5ED279,H2011P3ED309,2008,2011,5,3,0,0,1036,864,29,0.015500,0.027992,0.033565
LTMD_U1_W8_ARTES_EXACT_REUSE_0.1,H2011P1ED295,H2011P2ED302,2011,2011,1,2,1,0,531,662,28,0.024034,0.052731,0.042296
LTMD_U1_W8_ARTES_EXACT_REUSE_0.1,H2014P4EAA,H2019P3EAA,2014,2019,4,3,0,0,860,861,28,0.016539,0.032558,0.032520
LTMD_U1_W8_ARTES_EXACT_REUSE_0.1,H2011P5ED327,H2014P4EAA,2011,2014,5,4,0,0,947,860,28,0.015739,0.029567,0.032558
LTMD_U1_W8_ARTES_EXACT_REUSE_0.1,H2008P5ED279,H2011P4ED317,2008,2011,5,4,0,0,1036,865,28,0.014949,0.027027,0.032370
LTMD_U1_W8_ARTES_EXACT_REUSE_0.1,H2019P5EAA,H2019P6EAA,2019,2019,5,6,1,0,823,756,27,0.017397,0.032807,0.035714
LTMD_U1_W8_ARTES_EXACT_REUSE_0.1,H2019P4EAA,H2019P6EAA,2019,2019,4,6,1,0,829,756,27,0.017330,0.032569,0.035714
LTMD_U1_W8_ARTES_EXACT_REUSE_0.1,H2014P3EAA,H2019P4EAA,2014,2019,3,4,0,0,850,829,27,0.016344,0.031765,0.032569
LTMD_U1_W8_ARTES_EXACT_REUSE_0.1,H2011P5ED327,H2014P3EAA,2011,2014,5,3,0,0,947,850,27,0.015254,0.028511,0.031765
LTMD_U1_W8_ARTES_EXACT_REUSE_0.1,H2019P3EAA,H2019P6EAA,2019,2019,3,6,1,0,861,756,26,0.016342,0.030197,0.034392
LTMD_U1_W8_ARTES_EXACT_REUSE_0.1,H2014P5EAA,H2019P4EAA,2014,2019,5,4,0,0,886,829,26,0.015394,0.029345,0.031363
LTMD_U1_W8_ARTES_EXACT_REUSE_0.1,H2011P3ED309,H2014P4EAA,2011,2014,3,4,0,0,864,860,26,0.015312,0.030093,0.030233
LTMD_U1_W8_ARTES_EXACT_REUSE_0.1,H2011P3ED309,H2011P6CI337,2011,2011,3,6,1,0,864,942,26,0.014607,0.030093,0.027601
LTMD_U1_W8_ARTES_EXACT_REUSE_0.1,H2011P4ED317,H2011P6CI337,2011,2011,4,6,1,0,865,942,26,0.014599,0.030058,0.027601
LTMD_U1_W8_ARTES_EXACT_REUSE_0.1,H2014P6EAA,H2019P3EAA,2014,2019,6,3,0,0,780,861,25,0.015470,0.032051,0.029036
LTMD_U1_W8_ARTES_EXACT_REUSE_0.1,H2011P5ED327,H2014P6EAA,2011,2014,5,6,0,0,947,780,25,0.014689,0.026399,0.032051
LTMD_U1_W8_ARTES_EXACT_REUSE_0.1,H2011P5ED327,H2011P6CI337,2011,2011,5,6,1,0,947,942,23,0.012326,0.024287,0.024416
LTMD_U1_W8_ARTES_EXACT_REUSE_0.1,H2014P4EAA,H2019P6EAA,2014,2019,4,6,0,0,860,756,22,0.013802,0.025581,0.029101
LTMD_U1_W8_ARTES_EXACT_REUSE_0.1,H2008P2ED259,H2011P3ED309,2008,2011,2,3,0,0,755,864,22,0.013776,0.029139,0.025463
LTMD_U1_W8_ARTES_EXACT_REUSE_0.1,H2014P5EAA,H2019P6EAA,2014,2019,5,6,0,0,886,756,22,0.013580,0.024831,0.029101
LTMD_U1_W8_ARTES_EXACT_REUSE_0.1,H2014P5EAA,H2019P3EAA,2014,2019,5,3,0,0,886,861,22,0.012754,0.024831,0.025552
LTMD_U1_W8_ARTES_EXACT_REUSE_0.1,H2011P6CI337,H2014P3EAA,2011,2014,6,3,0,0,942,850,22,0.012429,0.023355,0.025882
LTMD_U1_W8_ARTES_EXACT_REUSE_0.1,H2011P6CI337,H2014P4EAA,2011,2014,6,4,0,0,942,860,22,0.012360,0.023355,0.025581
LTMD_U1_W8_ARTES_EXACT_REUSE_0.1,H2008P5ED279,H2014P4EAA,2008,2014,5,4,0,0,1036,860,22,0.011740,0.021236,0.025581
LTMD_U1_W8_ARTES_EXACT_REUSE_0.1,H2008P5ED279,H2011P6CI337,2008,2011,5,6,0,0,1036,942,22,0.011247,0.021236,0.023355
LTMD_U1_W8_ARTES_EXACT_REUSE_0.1,H2014P3EAA,H2019P6EAA,2014,2019,3,6,0,0,850,756,20,0.012610,0.023529,0.026455
LTMD_U1_W8_ARTES_EXACT_REUSE_0.1,H2008P2ED259,H2011P4ED317,2008,2011,2,4,0,0,755,865,20,0.012500,0.026490,0.023121
LTMD_U1_W8_ARTES_EXACT_REUSE_0.1,H2011P4ED317,H2014P3EAA,2011,2014,4,3,0,0,865,850,20,0.011799,0.023121,0.023529
LTMD_U1_W8_ARTES_EXACT_REUSE_0.1,H2008P5ED279,H2014P6EAA,2008,2014,5,6,0,0,1036,780,20,0.011136,0.019305,0.025641
LTMD_U1_W8_ARTES_EXACT_REUSE_0.1,H2011P3ED309,H2014P6EAA,2011,2014,3,6,0,0,864,780,19,0.011692,0.021991,0.024359
LTMD_U1_W8_ARTES_EXACT_REUSE_0.1,H2011P3ED309,H2014P5EAA,2011,2014,3,5,0,0,864,886,19,0.010976,0.021991,0.021445
LTMD_U1_W8_ARTES_EXACT_REUSE_0.1,H2011P5ED327,H2019P4EAA,2011,2019,5,4,0,0,947,829,19,0.010814,0.020063,0.022919
LTMD_U1_W8_ARTES_EXACT_REUSE_0.1,H2008P5ED279,H2014P3EAA,2008,2014,5,3,0,0,1036,850,19,0.010177,0.018340,0.022353
LTMD_U1_W8_ARTES_EXACT_REUSE_0.1,H2008P2ED259,H2011P2ED302,2008,2011,2,2,0,1,755,662,18,0.012866,0.023841,0.027190
LTMD_U1_W8_ARTES_EXACT_REUSE_0.1,H2011P2ED302,H2011P4ED317,2011,2011,2,4,1,0,662,865,18,0.011928,0.027190,0.020809
LTMD_U1_W8_ARTES_EXACT_REUSE_0.1,H2011P4ED317,H2014P6EAA,2011,2014,4,6,0,0,865,780,18,0.011063,0.020809,0.023077
LTMD_U1_W8_ARTES_EXACT_REUSE_0.1,H2008P2ED259,H2011P5ED327,2008,2011,2,5,0,0,755,947,18,0.010689,0.023841,0.019007
LTMD_U1_W8_ARTES_EXACT_REUSE_0.1,H2011P5ED327,H2019P3EAA,2011,2019,5,3,0,0,947,861,18,0.010056,0.019007,0.020906
LTMD_U1_W8_ARTES_EXACT_REUSE_0.1,H2011P2ED302,H2019P5EAA,2011,2019,2,5,0,0,662,823,17,0.011580,0.025680,0.020656
LTMD_U1_W8_ARTES_EXACT_REUSE_0.1,H2011P2ED302,H2011P6CI337,2011,2011,2,6,1,0,662,942,17,0.010712,0.025680,0.018047
LTMD_U1_W8_ARTES_EXACT_REUSE_0.1,H2011P4ED317,H2014P5EAA,2011,2014,4,5,0,0,865,886,17,0.009804,0.019653,0.019187
LTMD_U1_W8_ARTES_EXACT_REUSE_0.1,H2011P6CI337,H2019P5EAA,2011,2019,6,5,0,0,942,823,17,0.009725,0.018047,0.020656
LTMD_U1_W8_ARTES_EXACT_REUSE_0.1,H2011P2ED302,H2014P4EAA,2011,2014,2,4,0,0,662,860,16,0.010624,0.024169,0.018605
LTMD_U1_W8_ARTES_EXACT_REUSE_0.1,H2011P2ED302,H2019P3EAA,2011,2019,2,3,0,0,662,861,16,0.010617,0.024169,0.018583
LTMD_U1_W8_ARTES_EXACT_REUSE_0.1,H2011P2ED302,H2011P3ED309,2011,2011,2,3,1,0,662,864,16,0.010596,0.024169,0.018519
LTMD_U1_W8_ARTES_EXACT_REUSE_0.1,H2011P2ED302,H2011P5ED327,2011,2011,2,5,1,0,662,947,16,0.010044,0.024169,0.016895
LTMD_U1_W8_ARTES_EXACT_REUSE_0.1,H2011P6CI337,H2019P4EAA,2011,2019,6,4,0,0,942,829,16,0.009117,0.016985,0.019300
LTMD_U1_W8_ARTES_EXACT_REUSE_0.1,H2011P6CI337,H2019P3EAA,2011,2019,6,3,0,0,942,861,16,0.008954,0.016985,0.018583
LTMD_U1_W8_ARTES_EXACT_REUSE_0.1,H2011P2ED302,H2014P3EAA,2011,2014,2,3,0,0,662,850,15,0.010020,0.022659,0.017647
LTMD_U1_W8_ARTES_EXACT_REUSE_0.1,H2011P3ED309,H2019P4EAA,2011,2019,3,4,0,0,864,829,15,0.008939,0.017361,0.018094
LTMD_U1_W8_ARTES_EXACT_REUSE_0.1,H2011P5ED327,H2019P6EAA,2011,2019,5,6,0,0,947,756,15,0.008886,0.015839,0.019841
LTMD_U1_W8_ARTES_EXACT_REUSE_0.1,H2011P6CI337,H2014P5EAA,2011,2014,6,5,0,0,942,886,15,0.008274,0.015924,0.016930
LTMD_U1_W8_ARTES_EXACT_REUSE_0.1,H2011P2ED302,H2014P6EAA,2011,2014,2,6,0,0,662,780,14,0.009804,0.021148,0.017949
LTMD_U1_W8_ARTES_EXACT_REUSE_0.1,H2008P2ED259,H2014P3EAA,2008,2014,2,3,0,0,755,850,14,0.008799,0.018543,0.016471
LTMD_U1_W8_ARTES_EXACT_REUSE_0.1,H2011P4ED317,H2019P3EAA,2011,2019,4,3,0,0,865,861,14,0.008178,0.016185,0.016260
LTMD_U1_W8_ARTES_EXACT_REUSE_0.1,H2008P5ED279,H2019P6EAA,2008,2019,5,6,0,0,1036,756,14,0.007874,0.013514,0.018519
LTMD_U1_W8_ARTES_EXACT_REUSE_0.1,H2011P1ED295,H2011P3ED309,2011,2011,1,3,1,0,531,864,13,0.009407,0.024482,0.015046
LTMD_U1_W8_ARTES_EXACT_REUSE_0.1,H2011P2ED302,H2019P6EAA,2011,2019,2,6,0,0,662,756,13,0.009253,0.019637,0.017196
LTMD_U1_W8_ARTES_EXACT_REUSE_0.1,H2008P2ED259,H2019P3EAA,2008,2019,2,3,0,0,755,861,13,0.008110,0.017219,0.015099
LTMD_U1_W8_ARTES_EXACT_REUSE_0.1,H2011P3ED309,H2019P6EAA,2011,2019,3,6,0,0,864,756,13,0.008090,0.015046,0.017196
LTMD_U1_W8_ARTES_EXACT_REUSE_0.1,H2011P3ED309,H2019P5EAA,2011,2019,3,5,0,0,864,823,13,0.007766,0.015046,0.015796
LTMD_U1_W8_ARTES_EXACT_REUSE_0.1,H2011P4ED317,H2019P5EAA,2011,2019,4,5,0,0,865,823,13,0.007761,0.015029,0.015796
LTMD_U1_W8_ARTES_EXACT_REUSE_0.1,H2008P5ED279,H2011P2ED302,2008,2011,5,2,0,0,1036,662,13,0.007715,0.012548,0.019637
LTMD_U1_W8_ARTES_EXACT_REUSE_0.1,H2011P1ED295,H2019P5EAA,2011,2019,1,5,0,0,531,823,12,0.008942,0.022599,0.014581
LTMD_U1_W8_ARTES_EXACT_REUSE_0.1,H2011P1ED295,H2014P3EAA,2011,2014,1,3,0,0,531,850,12,0.008766,0.022599,0.014118
LTMD_U1_W8_ARTES_EXACT_REUSE_0.1,H2011P1ED295,H2019P3EAA,2011,2019,1,3,0,0,531,861,12,0.008696,0.022599,0.013937
LTMD_U1_W8_ARTES_EXACT_REUSE_0.1,H2011P1ED295,H2011P6CI337,2011,2011,1,6,1,0,531,942,12,0.008214,0.022599,0.012739
LTMD_U1_W8_ARTES_EXACT_REUSE_0.1,H2011P1ED295,H2011P5ED327,2011,2011,1,5,1,0,531,947,12,0.008186,0.022599,0.012672
LTMD_U1_W8_ARTES_EXACT_REUSE_0.1,H2011P2ED302,H2019P4EAA,2011,2019,2,4,0,0,662,829,12,0.008114,0.018127,0.014475
LTMD_U1_W8_ARTES_EXACT_REUSE_0.1,H2011P2ED302,H2014P5EAA,2011,2014,2,5,0,0,662,886,12,0.007812,0.018127,0.013544
LTMD_U1_W8_ARTES_EXACT_REUSE_0.1,H2008P2ED259,H2011P6CI337,2008,2011,2,6,0,0,755,942,12,0.007122,0.015894,0.012739
LTMD_U1_W8_ARTES_EXACT_REUSE_0.1,H2008P5ED279,H2019P4EAA,2008,2019,5,4,0,0,1036,829,12,0.006476,0.011583,0.014475
LTMD_U1_W8_ARTES_EXACT_REUSE_0.1,H2008P2ED259,H2014P4EAA,2008,2014,2,4,0,0,755,860,11,0.006858,0.014570,0.012791
LTMD_U1_W8_ARTES_EXACT_REUSE_0.1,H2011P4ED317,H2019P6EAA,2011,2019,4,6,0,0,865,756,11,0.006832,0.012717,0.014550
LTMD_U1_W8_ARTES_EXACT_REUSE_0.1,H2011P1ED295,H2019P6EAA,2011,2019,1,6,0,0,531,756,10,0.007831,0.018832,0.013228
LTMD_U1_W8_ARTES_EXACT_REUSE_0.1,H2011P1ED295,H2014P4EAA,2011,2014,1,4,0,0,531,860,10,0.007241,0.018832,0.011628
LTMD_U1_W8_ARTES_EXACT_REUSE_0.1,H2008P5ED279,H2019P3EAA,2008,2019,5,3,0,0,1036,861,10,0.005299,0.009653,0.011614
LTMD_U1_W8_ARTES_EXACT_REUSE_0.1,H2008P2ED259,H2011P1ED295,2008,2011,2,1,0,0,755,531,9,0.007048,0.011921,0.016949
LTMD_U1_W8_ARTES_EXACT_REUSE_0.1,H2011P1ED295,H2014P6EAA,2011,2014,1,6,0,0,531,780,9,0.006912,0.016949,0.011538
LTMD_U1_W8_ARTES_EXACT_REUSE_0.1,H2011P1ED295,H2011P4ED317,2011,2011,1,4,1,0,531,865,9,0.006489,0.016949,0.010405
LTMD_U1_W8_ARTES_EXACT_REUSE_0.1,H2008P2ED259,H2019P6EAA,2008,2019,2,6,0,0,755,756,9,0.005992,0.011921,0.011905
LTMD_U1_W8_ARTES_EXACT_REUSE_0.1,H2011P1ED295,H2019P4EAA,2011,2019,1,4,0,0,531,829,8,0.005917,0.015066,0.009650
LTMD_U1_W8_ARTES_EXACT_REUSE_0.1,H2011P1ED295,H2014P5EAA,2011,2014,1,5,0,0,531,886,8,0.005678,0.015066,0.009029
LTMD_U1_W8_ARTES_EXACT_REUSE_0.1,H2008P2ED259,H2019P5EAA,2008,2019,2,5,0,0,755,823,8,0.005096,0.010596,0.009721
LTMD_U1_W8_ARTES_EXACT_REUSE_0.1,H2008P2ED259,H2019P4EAA,2008,2019,2,4,0,0,755,829,8,0.005076,0.010596,0.009650
LTMD_U1_W8_ARTES_EXACT_REUSE_0.1,H2008P2ED259,H2014P6EAA,2008,2014,2,6,0,0,755,780,7,0.004581,0.009272,0.008974
LTMD_U1_W8_ARTES_EXACT_REUSE_0.1,H2008P5ED279,H2011P1ED295,2008,2011,5,1,0,0,1036,531,7,0.004487,0.006757,0.013183
LTMD_U1_W8_ARTES_EXACT_REUSE_0.1,H2008P2ED259,H2014P5EAA,2008,2014,2,5,0,0,755,886,6,0.003670,0.007947,0.006772
