audit_version,viewer_key,book_id,catalog_generation,grade_code,declared_positions,source_jpegs,terminal_synthetic_candidates,internal_unserved,probe_errors,source_bytes,unique_source_hashes,direct_asset_ready
LTMD_U1_W2_MATH_ASSET_AUDIT_0.1,H1972P1MA063,U1-H1972P1MA063,1972,1,147,146,1,0,0,7364610,146,1
LTMD_U1_W2_MATH_ASSET_AUDIT_0.1,H1972P2MA069,U1-H1972P2MA069,1972,2,139,138,1,0,0,5727581,138,1
LTMD_U1_W2_MATH_ASSET_AUDIT_0.1,H1972P3MA076,U1-H1972P3MA076,1972,3,305,304,1,0,0,13385209,304,1
LTMD_U1_W2_MATH_ASSET_AUDIT_0.1,H1972P4MA083,U1-H1972P4MA083,1972,4,259,258,1,0,0,12236330,258,1
LTMD_U1_W2_MATH_ASSET_AUDIT_0.1,H1972P5MA089,U1-H1972P5MA089,1972,5,305,304,1,0,0,12794016,296,1
LTMD_U1_W2_MATH_ASSET_AUDIT_0.1,H1972P6MA094,U1-H1972P6MA094,1972,6,195,194,1,0,0,10216653,194,1
LTMD_U1_W2_MATH_ASSET_AUDIT_0.1,H1982P3MA106,U1-H1982P3MA106,1982,3,273,272,1,0,0,13848529,272,1
LTMD_U1_W2_MATH_ASSET_AUDIT_0.1,H1982P4MA388,U1-H1982P4MA388,1982,4,259,258,1,0,0,12236330,258,1
LTMD_U1_W2_MATH_ASSET_AUDIT_0.1,H1982P5MA394,U1-H1982P5MA394,1982,5,305,304,1,0,0,12794016,296,1
LTMD_U1_W2_MATH_ASSET_AUDIT_0.1,H1982P6MA399,U1-H1982P6MA399,1982,6,195,194,1,0,0,10216653,194,1
LTMD_U1_W2_MATH_ASSET_AUDIT_0.1,H1988P3MA118,U1-H1988P3MA118,1988,3,275,274,1,0,0,13675167,274,1
LTMD_U1_W2_MATH_ASSET_AUDIT_0.1,H1988P4MA122,U1-H1988P4MA122,1988,4,259,258,1,0,0,13282480,258,1
LTMD_U1_W2_MATH_ASSET_AUDIT_0.1,H1988P5MA127,U1-H1988P5MA127,1988,5,289,288,1,0,0,12710107,288,1
LTMD_U1_W2_MATH_ASSET_AUDIT_0.1,H1988P6MA134,U1-H1988P6MA134,1988,6,195,194,1,0,0,10497058,194,1
LTMD_U1_W2_MATH_ASSET_AUDIT_0.1,H1993P1MA142,U1-H1993P1MA142,1993,1,67,66,1,0,0,3160750,66,1
LTMD_U1_W2_MATH_ASSET_AUDIT_0.1,H1993P1MA143,U1-H1993P1MA143,1993,1,147,146,1,0,0,9693213,146,1
LTMD_U1_W2_MATH_ASSET_AUDIT_0.1,H1993P2MA151,U1-H1993P2MA151,1993,2,177,176,1,0,0,12334364,176,1
LTMD_U1_W2_MATH_ASSET_AUDIT_0.1,H1993P2MA152,U1-H1993P2MA152,1993,2,67,66,1,0,0,3343288,66,1
LTMD_U1_W2_MATH_ASSET_AUDIT_0.1,H1993P3MA189,U1-H1993P3MA189,1993,3,211,210,1,0,0,15033819,210,1
LTMD_U1_W2_MATH_ASSET_AUDIT_0.1,H1993P4MA199,U1-H1993P4MA199,1993,4,211,210,1,0,0,14167785,210,1
LTMD_U1_W2_MATH_ASSET_AUDIT_0.1,H1993P5MA207,U1-H1993P5MA207,1993,5,211,210,1,0,0,15125784,210,1
LTMD_U1_W2_MATH_ASSET_AUDIT_0.1,H1993P5MA208,U1-H1993P5MA208,1993,5,211,210,1,0,0,14993155,210,1
LTMD_U1_W2_MATH_ASSET_AUDIT_0.1,H1993P6MA247,U1-H1993P6MA247,1993,6,211,210,1,0,0,15571224,210,1
LTMD_U1_W2_MATH_ASSET_AUDIT_0.1,H1993P6MA248,U1-H1993P6MA248,1993,6,211,210,1,0,0,14329474,210,1
LTMD_U1_W2_MATH_ASSET_AUDIT_0.1,H2008P1MA255,U1-H2008P1MA255,2008,1,243,242,1,0,0,12678930,242,1
LTMD_U1_W2_MATH_ASSET_AUDIT_0.1,H2008P2MA262,U1-H2008P2MA262,2008,2,171,170,1,0,0,8919687,170,1
LTMD_U1_W2_MATH_ASSET_AUDIT_0.1,H2008P3MA267,U1-H2008P3MA267,2008,3,227,226,1,0,0,14635526,226,1
LTMD_U1_W2_MATH_ASSET_AUDIT_0.1,H2008P4MA276,U1-H2008P4MA276,2008,4,209,207,0,2,0,13893114,207,0
LTMD_U1_W2_MATH_ASSET_AUDIT_0.1,H2008P6MA291,U1-H2008P6MA291,2008,6,195,194,1,0,0,52557595,194,1
LTMD_U1_W2_MATH_ASSET_AUDIT_0.1,H2008P6MA292,U1-H2008P6MA292,2008,6,179,178,1,0,0,42750361,178,1
LTMD_U1_W2_MATH_ASSET_AUDIT_0.1,H2011P1MA299,U1-H2011P1MA299,2011,1,186,185,1,0,0,17951256,185,1
LTMD_U1_W2_MATH_ASSET_AUDIT_0.1,H2011P2MA306,U1-H2011P2MA306,2011,2,178,177,1,0,0,48943090,177,1
LTMD_U1_W2_MATH_ASSET_AUDIT_0.1,H2011P3MA313,U1-H2011P3MA313,2011,3,186,185,1,0,0,50105570,185,1
LTMD_U1_W2_MATH_ASSET_AUDIT_0.1,H2011P4MA324,U1-H2011P4MA324,2011,4,202,201,1,0,0,46638277,201,1
LTMD_U1_W2_MATH_ASSET_AUDIT_0.1,H2011P5MA334,U1-H2011P5MA334,2011,5,194,193,1,0,0,76224227,193,1
LTMD_U1_W2_MATH_ASSET_AUDIT_0.1,H2011P6MA343,U1-H2011P6MA343,2011,6,194,193,1,0,0,85323764,193,1
LTMD_U1_W2_MATH_ASSET_AUDIT_0.1,H2014P1DMA,U1-H2014P1DMA,2014,1,146,145,1,0,0,57773797,145,1
LTMD_U1_W2_MATH_ASSET_AUDIT_0.1,H2014P1DMM,U1-H2014P1DMM,2014,1,170,169,1,0,0,63486903,169,1
LTMD_U1_W2_MATH_ASSET_AUDIT_0.1,H2014P2DMA,U1-H2014P2DMA,2014,2,202,201,1,0,0,72504515,201,1
LTMD_U1_W2_MATH_ASSET_AUDIT_0.1,H2014P2DMM,U1-H2014P2DMM,2014,2,194,193,1,0,0,66360591,193,1
LTMD_U1_W2_MATH_ASSET_AUDIT_0.1,H2014P3DMA,U1-H2014P3DMA,2014,3,226,225,1,0,0,78885209,225,1
LTMD_U1_W2_MATH_ASSET_AUDIT_0.1,H2014P3DMM,U1-H2014P3DMM,2014,3,258,257,1,0,0,40065024,257,1
LTMD_U1_W2_MATH_ASSET_AUDIT_0.1,H2014P4DMA,U1-H2014P4DMA,2014,4,258,257,1,0,0,90249038,257,1
LTMD_U1_W2_MATH_ASSET_AUDIT_0.1,H2014P4DMM,U1-H2014P4DMM,2014,4,338,337,1,0,0,120684085,337,1
LTMD_U1_W2_MATH_ASSET_AUDIT_0.1,H2014P5DMA,U1-H2014P5DMA,2014,5,226,225,1,0,0,81607814,225,1
LTMD_U1_W2_MATH_ASSET_AUDIT_0.1,H2014P5DMM,U1-H2014P5DMM,2014,5,298,297,1,0,0,131613011,297,1
LTMD_U1_W2_MATH_ASSET_AUDIT_0.1,H2014P6DMA,U1-H2014P6DMA,2014,6,186,185,1,0,0,65662860,185,1
LTMD_U1_W2_MATH_ASSET_AUDIT_0.1,H2014P6DMM,U1-H2014P6DMM,2014,6,258,257,1,0,0,114458504,257,1
LTMD_U1_W2_MATH_ASSET_AUDIT_0.1,H2018P1MAA,U1-H2018P1MAA,2018,1,226,225,1,0,0,41364207,225,1
LTMD_U1_W2_MATH_ASSET_AUDIT_0.1,H2018P1MAM,U1-H2018P1MAM,2018,1,178,177,1,0,0,49730568,177,1
LTMD_U1_W2_MATH_ASSET_AUDIT_0.1,H2018P2MAA,U1-H2018P2MAA,2018,2,226,225,1,0,0,48126526,225,1
LTMD_U1_W2_MATH_ASSET_AUDIT_0.1,H2018P2MAM,U1-H2018P2MAM,2018,2,178,177,1,0,0,68751152,177,1
LTMD_U1_W2_MATH_ASSET_AUDIT_0.1,H2018P3DMA,U1-H2018P3DMA,2018,3,226,225,1,0,0,55854989,225,1
LTMD_U1_W2_MATH_ASSET_AUDIT_0.1,H2018P4DMA,U1-H2018P4DMA,2018,4,258,257,1,0,0,39379216,257,1
LTMD_U1_W2_MATH_ASSET_AUDIT_0.1,H2018P5DMA,U1-H2018P5DMA,2018,5,226,225,1,0,0,72141189,225,1
LTMD_U1_W2_MATH_ASSET_AUDIT_0.1,H2018P6DMA,U1-H2018P6DMA,2018,6,186,185,1,0,0,60662489,185,1
LTMD_U1_W2_MATH_ASSET_AUDIT_0.1,H2019P1MAA,U1-H2019P1MAA,2019,1,226,225,1,0,0,18222508,225,1
LTMD_U1_W2_MATH_ASSET_AUDIT_0.1,H2019P1MAM,U1-H2019P1MAM,2019,1,178,177,1,0,0,26805195,177,1
LTMD_U1_W2_MATH_ASSET_AUDIT_0.1,H2019P2MAA,U1-H2019P2MAA,2019,2,226,225,1,0,0,22470551,225,1
LTMD_U1_W2_MATH_ASSET_AUDIT_0.1,H2019P2MAM,U1-H2019P2MAM,2019,2,178,177,1,0,0,28486110,177,1
LTMD_U1_W2_MATH_ASSET_AUDIT_0.1,H2019P3DMA,U1-H2019P3DMA,2019,3,226,225,1,0,0,17521305,225,1
LTMD_U1_W2_MATH_ASSET_AUDIT_0.1,H2019P4DMA,U1-H2019P4DMA,2019,4,258,257,1,0,0,20414742,257,1
LTMD_U1_W2_MATH_ASSET_AUDIT_0.1,H2019P5DMA,U1-H2019P5DMA,2019,5,226,225,1,0,0,19241217,225,1
LTMD_U1_W2_MATH_ASSET_AUDIT_0.1,H2019P6DMA,U1-H2019P6DMA,2019,6,186,185,1,0,0,15009223,185,1
