recovery_version,viewer_page,target_url,reference_url,persisted_sha256,target_live_sha256,reference_live_sha256,persisted_byte_size,target_live_byte_size,reference_live_byte_size,target_attempts,reference_attempts,target_error,reference_error,live_anchor_exact
LTMD_U1_W6_H2008P4GE273_GAP_RECOVERY_0.1,65,https://historico.conaliteg.gob.mx/c/H2008P4GE273/065.jpg,https://historico.conaliteg.gob.mx/c/H1993P4GE196/065.jpg,c9889d36cb9d5f672b91fd073a6b3ae74044c0af06da60b7b138f0a534693bf7,c9889d36cb9d5f672b91fd073a6b3ae74044c0af06da60b7b138f0a534693bf7,c9889d36cb9d5f672b91fd073a6b3ae74044c0af06da60b7b138f0a534693bf7,92499,92499,92499,1,1,,,1
LTMD_U1_W6_H2008P4GE273_GAP_RECOVERY_0.1,66,https://historico.conaliteg.gob.mx/c/H2008P4GE273/066.jpg,https://historico.conaliteg.gob.mx/c/H1993P4GE196/066.jpg,dca0fc0b5a61b83fa6227db5c129547b52d58c286f227927badcdd53d20775d3,dca0fc0b5a61b83fa6227db5c129547b52d58c286f227927badcdd53d20775d3,dca0fc0b5a61b83fa6227db5c129547b52d58c286f227927badcdd53d20775d3,88716,88716,88716,1,1,,,1
LTMD_U1_W6_H2008P4GE273_GAP_RECOVERY_0.1,67,https://historico.conaliteg.gob.mx/c/H2008P4GE273/067.jpg,https://historico.conaliteg.gob.mx/c/H1993P4GE196/067.jpg,c5ea8c37eea8e464ca697e4a31e2327f5c4bae0e3cd95a64a7eeb8a451a98867,c5ea8c37eea8e464ca697e4a31e2327f5c4bae0e3cd95a64a7eeb8a451a98867,c5ea8c37eea8e464ca697e4a31e2327f5c4bae0e3cd95a64a7eeb8a451a98867,80303,80303,80303,1,1,,,1
LTMD_U1_W6_H2008P4GE273_GAP_RECOVERY_0.1,68,https://historico.conaliteg.gob.mx/c/H2008P4GE273/068.jpg,https://historico.conaliteg.gob.mx/c/H1993P4GE196/068.jpg,a68d6f89fbc98dd5892f0bb9a8b8610d5436379287a42f7b9c853a4dd70b58fa,a68d6f89fbc98dd5892f0bb9a8b8610d5436379287a42f7b9c853a4dd70b58fa,a68d6f89fbc98dd5892f0bb9a8b8610d5436379287a42f7b9c853a4dd70b58fa,95295,95295,95295,1,1,,,1
LTMD_U1_W6_H2008P4GE273_GAP_RECOVERY_0.1,69,https://historico.conaliteg.gob.mx/c/H2008P4GE273/069.jpg,https://historico.conaliteg.gob.mx/c/H1993P4GE196/069.jpg,4b312215a017af60f63b9f99adddfe3cfebb62e9410e882350f754bbee4a1e38,4b312215a017af60f63b9f99adddfe3cfebb62e9410e882350f754bbee4a1e38,4b312215a017af60f63b9f99adddfe3cfebb62e9410e882350f754bbee4a1e38,79663,79663,79663,1,1,,,1
LTMD_U1_W6_H2008P4GE273_GAP_RECOVERY_0.1,71,https://historico.conaliteg.gob.mx/c/H2008P4GE273/071.jpg,https://historico.conaliteg.gob.mx/c/H1993P4GE196/071.jpg,01f9be2c85b0af61852459bd80365d526ac20f7b69c23d613351d42973edcfc7,01f9be2c85b0af61852459bd80365d526ac20f7b69c23d613351d42973edcfc7,01f9be2c85b0af61852459bd80365d526ac20f7b69c23d613351d42973edcfc7,80782,80782,80782,1,1,,,1
LTMD_U1_W6_H2008P4GE273_GAP_RECOVERY_0.1,72,https://historico.conaliteg.gob.mx/c/H2008P4GE273/072.jpg,https://historico.conaliteg.gob.mx/c/H1993P4GE196/072.jpg,e5119189ba1416c6769ea2357156bff7d576946f0a1666cc701615e75a5cb020,e5119189ba1416c6769ea2357156bff7d576946f0a1666cc701615e75a5cb020,e5119189ba1416c6769ea2357156bff7d576946f0a1666cc701615e75a5cb020,90467,90467,90467,1,1,,,1
LTMD_U1_W6_H2008P4GE273_GAP_RECOVERY_0.1,73,https://historico.conaliteg.gob.mx/c/H2008P4GE273/073.jpg,https://historico.conaliteg.gob.mx/c/H1993P4GE196/073.jpg,ffb1808245e264c1b523eb77a42e83a6a1e270cb0c6de41fc151b6fb044c0de4,ffb1808245e264c1b523eb77a42e83a6a1e270cb0c6de41fc151b6fb044c0de4,ffb1808245e264c1b523eb77a42e83a6a1e270cb0c6de41fc151b6fb044c0de4,81960,81960,81960,1,1,,,1
LTMD_U1_W6_H2008P4GE273_GAP_RECOVERY_0.1,74,https://historico.conaliteg.gob.mx/c/H2008P4GE273/074.jpg,https://historico.conaliteg.gob.mx/c/H1993P4GE196/074.jpg,512ad5e7d12cb76e995632fe327cf0f6ef5c074b725fb1e722eb7432abbc4c07,512ad5e7d12cb76e995632fe327cf0f6ef5c074b725fb1e722eb7432abbc4c07,512ad5e7d12cb76e995632fe327cf0f6ef5c074b725fb1e722eb7432abbc4c07,88107,88107,88107,1,1,,,1
LTMD_U1_W6_H2008P4GE273_GAP_RECOVERY_0.1,75,https://historico.conaliteg.gob.mx/c/H2008P4GE273/075.jpg,https://historico.conaliteg.gob.mx/c/H1993P4GE196/075.jpg,01b4b5933d56468bf7bb2f10941ac0c6a3f182d10b0e524cbd3effa470f41294,01b4b5933d56468bf7bb2f10941ac0c6a3f182d10b0e524cbd3effa470f41294,01b4b5933d56468bf7bb2f10941ac0c6a3f182d10b0e524cbd3effa470f41294,77407,77407,77407,1,1,,,1
LTMD_U1_W6_H2008P4GE273_GAP_RECOVERY_0.1,112,https://historico.conaliteg.gob.mx/c/H2008P4GE273/112.jpg,https://historico.conaliteg.gob.mx/c/H1993P4GE196/112.jpg,7c9b9cf7e665f64c5bf2de6aaaf68d660b2baa44dd272a924fba1494d15437e2,7c9b9cf7e665f64c5bf2de6aaaf68d660b2baa44dd272a924fba1494d15437e2,7c9b9cf7e665f64c5bf2de6aaaf68d660b2baa44dd272a924fba1494d15437e2,81772,81772,81772,1,1,,,1
LTMD_U1_W6_H2008P4GE273_GAP_RECOVERY_0.1,113,https://historico.conaliteg.gob.mx/c/H2008P4GE273/113.jpg,https://historico.conaliteg.gob.mx/c/H1993P4GE196/113.jpg,a2eb2bde31240854f20c47c0c7d694b2bcedd17313f07126472514fbe9851134,a2eb2bde31240854f20c47c0c7d694b2bcedd17313f07126472514fbe9851134,a2eb2bde31240854f20c47c0c7d694b2bcedd17313f07126472514fbe9851134,69619,69619,69619,1,1,,,1
LTMD_U1_W6_H2008P4GE273_GAP_RECOVERY_0.1,114,https://historico.conaliteg.gob.mx/c/H2008P4GE273/114.jpg,https://historico.conaliteg.gob.mx/c/H1993P4GE196/114.jpg,f63ae4ebf2a7a3f6895470c3772e73ae17858a175cfa1f0b46db552c4f6ece53,f63ae4ebf2a7a3f6895470c3772e73ae17858a175cfa1f0b46db552c4f6ece53,f63ae4ebf2a7a3f6895470c3772e73ae17858a175cfa1f0b46db552c4f6ece53,88649,88649,88649,1,1,,,1
LTMD_U1_W6_H2008P4GE273_GAP_RECOVERY_0.1,115,https://historico.conaliteg.gob.mx/c/H2008P4GE273/115.jpg,https://historico.conaliteg.gob.mx/c/H1993P4GE196/115.jpg,4cf643d31d359c4eefcab1db3c70cd862e35dc8064a93de7045738e26e72f188,4cf643d31d359c4eefcab1db3c70cd862e35dc8064a93de7045738e26e72f188,4cf643d31d359c4eefcab1db3c70cd862e35dc8064a93de7045738e26e72f188,109664,109664,109664,1,1,,,1
LTMD_U1_W6_H2008P4GE273_GAP_RECOVERY_0.1,116,https://historico.conaliteg.gob.mx/c/H2008P4GE273/116.jpg,https://historico.conaliteg.gob.mx/c/H1993P4GE196/116.jpg,bf219ba531710f8b037c9f69a0bcba304836e30d3fd8052c4fa5693538c2be16,bf219ba531710f8b037c9f69a0bcba304836e30d3fd8052c4fa5693538c2be16,bf219ba531710f8b037c9f69a0bcba304836e30d3fd8052c4fa5693538c2be16,86917,86917,86917,1,1,,,1
LTMD_U1_W6_H2008P4GE273_GAP_RECOVERY_0.1,118,https://historico.conaliteg.gob.mx/c/H2008P4GE273/118.jpg,https://historico.conaliteg.gob.mx/c/H1993P4GE196/118.jpg,b6dccd161e2c8e1702c54093d810f47b63c68258def3f3f13f2a423956c5481c,b6dccd161e2c8e1702c54093d810f47b63c68258def3f3f13f2a423956c5481c,b6dccd161e2c8e1702c54093d810f47b63c68258def3f3f13f2a423956c5481c,94860,94860,94860,1,1,,,1
LTMD_U1_W6_H2008P4GE273_GAP_RECOVERY_0.1,119,https://historico.conaliteg.gob.mx/c/H2008P4GE273/119.jpg,https://historico.conaliteg.gob.mx/c/H1993P4GE196/119.jpg,3502df2dad895b357ac5a4ea7f92b79b982a943362ba1eb79550699a5849c30c,3502df2dad895b357ac5a4ea7f92b79b982a943362ba1eb79550699a5849c30c,3502df2dad895b357ac5a4ea7f92b79b982a943362ba1eb79550699a5849c30c,114263,114263,114263,1,1,,,1
LTMD_U1_W6_H2008P4GE273_GAP_RECOVERY_0.1,120,https://historico.conaliteg.gob.mx/c/H2008P4GE273/120.jpg,https://historico.conaliteg.gob.mx/c/H1993P4GE196/120.jpg,66a7797a60b64a48bb2356c313c97bb331b5b7f833ced2c737b0a448249c929c,66a7797a60b64a48bb2356c313c97bb331b5b7f833ced2c737b0a448249c929c,66a7797a60b64a48bb2356c313c97bb331b5b7f833ced2c737b0a448249c929c,101557,101557,101557,1,1,,,1
LTMD_U1_W6_H2008P4GE273_GAP_RECOVERY_0.1,121,https://historico.conaliteg.gob.mx/c/H2008P4GE273/121.jpg,https://historico.conaliteg.gob.mx/c/H1993P4GE196/121.jpg,127c04e41c644b351305bf262327e7839830f9d1a393dfe2c7ff496a3a2a7d08,127c04e41c644b351305bf262327e7839830f9d1a393dfe2c7ff496a3a2a7d08,127c04e41c644b351305bf262327e7839830f9d1a393dfe2c7ff496a3a2a7d08,98859,98859,98859,1,1,,,1
LTMD_U1_W6_H2008P4GE273_GAP_RECOVERY_0.1,122,https://historico.conaliteg.gob.mx/c/H2008P4GE273/122.jpg,https://historico.conaliteg.gob.mx/c/H1993P4GE196/122.jpg,af4fed0d193b49c2f2f1f96731dcef8f6fcd377903174a010ccdce50cb41b646,af4fed0d193b49c2f2f1f96731dcef8f6fcd377903174a010ccdce50cb41b646,af4fed0d193b49c2f2f1f96731dcef8f6fcd377903174a010ccdce50cb41b646,89611,89611,89611,1,1,,,1
