viewer_page,source_image_index,byte_size,sha256
91,91,73733,22c8723e7a69f7e5935074c400824f8f443d03feb2c1a78ed84b3fa0db71fafa
92,92,77491,6e382caf6a4ddc420ddc8f3e0ab61e463f46376048ccd787b36ac7371ec88ace
93,93,78656,d81d8bce40b9ad146ba30649ead10ec6ef6fb1c85b6f641fa77dc01587ee4c29
94,94,57123,1834687e5eec856e6f4685f7d4426604ec70d651ffaba202899ea957f8e2fd11
95,95,70062,01b63de60de0e3d83ea46eec9abf813cd722f59b1ced2d222f70dd7c74877e34
96,96,89898,537e224657f463c73b4a33a859e55fc904ef9f8b892982b0ceb5adc125ff6fbd
97,97,77783,52ebdf53e3cac6fd4ef1f9f1dee96c48451b02b5754af48380552bafc8689c73
98,98,71590,c15067f693740ceb16cf95eef95f39b8532f7a4ab73787fefcd5fa9ee601900f
99,99,79840,0caf152ed5bf5afa63a0d79a71e7b5e49d5172f719917f6b26b9b3a3340317d0
100,100,69824,f4d502cd26060796efc93192f839e6c5df5ba1346e906e7f6428965f0fd591b3
101,101,77546,f000c086a35bf8d72fa71a22623e9fc502ca7a8e7a086330da969cb0cd6a88fd
102,102,75859,d2d5f130fab6ae7a3bfa7e4d5c5b1ecad99dcd215b1d42ca816ea4c5c756e7c8
103,103,88137,4f6eeb82bef4bd0151cf9ed9e117a9b9c940e99fd437e297cb897b7c96cbd35d
104,104,84281,83845e3ccf5c95fccd81d6b1c12c86929145eb8d1763950a19cf7f92525f3255
105,105,85181,61a4aa2046e76de8e75f3b88396d22726a336b12e99cc397881f51b97740228d
106,106,89635,8cd5499e131b012d9d9d308791f298e2f29e14707ec7223f08d0707b381755fb
107,107,74365,2c71de4f3459ad33d925bd6e5c41695e567dfac0917cf63846a1acae6b1587a9
108,108,85933,5e78586f3ec14f56d5e8a8631f86d0eebb3e95e92fcf0ba8d007f5a0d735c750
109,109,79192,cd7dd6caea5ebe0de9af378fe1b19070bbc9455911847ab381741425e5a6e8aa
110,110,80977,0339581086a9cda305dd18ddcab43428c6871e1d91f1f16ac1c909554dd69a69
111,111,76382,8de60960eb1c54120f50284faba2b8c9e0c7c5ed6a966c0cd22639307892463a
112,112,87674,05ca93bc1c7ec7f8021c5dc6eed0a36bbeef1f2cbdbaa71c5c46d2ea8d7d4455
113,113,86112,e2237f0141cbfe2ea5ebfc50429a5bfc16b164e7105e3f8d507cc7ab7bb91952
114,114,64588,77a8f1195bda1c296c55973760ec4068d15bc8287b5800ad35184907db609114
115,115,67452,919b67b5f4dc926e782cb61892a4348937d5fd010e854206ebecceb00bda9b8f
116,116,86723,e615b40ec44e8cc5ea63e9084c0a162f5bae20298c9e2d85b696f0d8b986208c
117,117,69926,7f3cc5cb25a668e282a5a9f9e49c40c2ff25e0d6d6da54b066554cedf4f68511
118,118,58408,2a47d1e18e748b1ffd58d80df923b30ef651f2710950f33ab5c34637b9083f0c
119,119,65985,003af0005987477a17fc3b3b47a35888283463d7e8efd52d3106ce3dd9dd0bb0
120,120,84842,ca4a157065909a5f98cce5c4e38bd7cfd3fb9b86929ae73b370b142d7b7191f1
121,121,80902,6838a2ac0086029e14c888ae1e9ca2368a0c9eaaa2a8b9956e3dc47a228b64f8
122,122,77036,44c8866996e5bba68c1b12335125223f7a6edd53e26af9dd4b35d9998f464247
123,123,64274,18dd2dc0b957d7d820abe60dedf5633b0ad271e8b36321b5e4a9dba2cd0e34e8
124,124,81942,f9dcf47b7aca4495f23c3cf1b5320d224378b817858d4652d9b972a0c27858eb
125,125,59738,7e3ca200b2fa6830848fbef9a57b0de388560ae76bf6647e2de0af87c2194ae7
126,126,93481,718dfd93802c66be16b0aafcd590e03e4415b18548c05970035e83cd7985ed85
127,127,83135,9bbe9fbcda6ad3827a2f38abf8eb8c7d2228bc0337ef105a43bbc679aba3711a
128,128,81549,ad0a1e8e7a26723965dbf3fa3896a9d3104e8d21e85c0ffd429501f010158512
129,129,53021,c9d035daad492501ea5194415e1f4e4c0895c4d5a2587b173001a6f6deda251b
130,130,62628,ebc7722352bc38c792dba0057fe631e30acc9327d31d41128c6884ed9bf0e609
131,131,89318,2feb83c33ea5869a87b6e8382074c52590a8907aad5b8e0ba33e20e77018a8b6
132,132,69602,558b37beda1e9e3ccc91d9f005353fd5240c0d959f3f80d9083e2860e7c16017
133,133,71695,8024b8a9d5b1de5d641fccc49df7634847c8e86f0f480b2cddb77bf54a5551dd
134,134,80320,7f010c681dc0ab276b210cac5463b1c9cf21da016c0cb6e7fdab9c02cfcca28b
135,135,87164,f9368516294796bd1634246738e838daf3a9c702230cc0b57460cc6b2bdc28c2
136,136,78699,4f058932ea1f63a199a62f17c0f31ec37ed25f479fb300645ad439a2234afd90
137,137,78629,f3ba8c1846fc48a0d6ccfa75b6d82c94a3c085e29428c9b06147592158f69f2e
138,138,65828,ab22a9bfe639b0a5e8c84350e56e4fa3f62cc78bdcbb5b514d34b1712e8d138c
139,139,73932,10384dc022979dadf3a8401125a94bea031778d134db96fe3757c9fb482371de
140,140,91717,4756431ba039d2f1f1ceb45effd421c0e0a1fffb9d6647aa0777f80bdb0969ff
141,141,69510,ec2214c52474be5d85e601efbe00e62679be1dce35f4b10e3172eab1ef4246d7
142,142,81951,93b8786fc3b59a20b4960acadc7c2b39acce880624b0c8566429efc92a390f91
143,143,64388,05da1096e5f76f88516addf4f5b3c06502ca244cec3245acb4225c9a7aa651c5
144,144,90774,84b6b02ab9e98cd89911acfdc35d306eaaef606134e2aca867e5f33f038b3074
145,145,75794,f7179b7097fd2583e5a1bd5f34adb6712d5e6b4d822315048ce0069719622d38
146,146,78676,44e455a8320e49263f5dd3d997ca3e69e13a5a8f78bb65967e646ae2db688921
147,147,64098,e37ef013d97067f6454833d8bc4fc6b95628ffc43a625551cf6db8f582737cf2
148,148,85547,49c3c6aaf26f86c054d9b9836669b203baa486e01c9a838bcdfce8d1d65727a0
149,149,66681,f4ffffc2ca5c81782fc1fb3986f00676d71582e58c32f908df76afeb6ca4aa67
150,150,97429,04d2adffa7a939d3b048c623e6dca2668054ac155c885a88859e4fcbb26d1739
151,151,59025,d00ebe8af8851690ed53b5b2360c1bfce50a4aba424e1c37a678df977b7362cc
152,152,85726,fddb58be03b0d26f086afd71de16cc047be1ad75d5f013a23c56ae22dc6f35d2
153,153,79864,9e504b1553e2bc7d7b24d9587d0ec666af86642af71af979cb5794fc3bd0cdea
154,154,71476,880cd23843173f4926fbc5539bc63cb4d66a915529ac3df9e48d4dd25e3f62e8
155,155,73367,28158ab1eee1627345864d3447bb239a576177bcf4e2735f90b0409395aa5aa4
156,156,84282,72d51bbeb6d288b1e2c9c80d0aeacde305daeb8b6eb5a7b4d58dbb724321d6e2
157,157,80588,f10de1f527c566da6d5ec491d9ba0c3ef6be7378ff800f51a760081f312fe3fc
158,158,64748,ccb3c9172f76fe6bdcb4270afec40dfe3622f95196ee49610fc1f2c601d31134
159,159,67152,6d92fc51940cdd25ada30cef75e762d584ff6d1f5cbadd329a57a79b286214e2
160,160,64735,29bfb136e07aa4b0d8d173010fbb81c325deb060d4468f67996785e4a9875109
161,161,62436,9c8bbd63beb2104eabb9761c19f9cc372830f3b5d69c8ca0525ec20e70785af5
162,162,99214,30fe8ac504918c1d737fa979ade549bc62fbafde20047501c16df79d06f369e1
163,163,88593,9d21565aa6d3bb2dbe2cdcfbb13a2418ddbd411fa142e8991137e77bf2006904
164,164,77286,7bf6cc0eef87bdf74725700498779fad2a37db2be0584173ce1026fb079c5075
165,165,96553,53afa1a2d7eb82d21d1a151b691a589ae756625570b1d440bf2eca3ad50f46da
166,166,79753,8940ef55f69e95432d7b0f9b07e8338a19ddf225b1298f862f346269218029f9
167,167,76463,2dc3b3b406069207a82f90466122bbb8c22ba623dccd9f5070f238937229e776
168,168,67068,0ffcd5fab3d9dc7e346583a79f9da1f915e8590d26afac3277729cd377340ca9
169,169,81782,323f05b88aa9d66083be44398747f4af5be5e6417e6eb7766bb12fdf68784d0d
170,170,68531,1c03ca63b34ef399296e2db9d74b2501e4e6b431cd62f3eff9653b2beb3ba622
171,171,79588,007b2830c66e2ae8a4a59a962db2443c08166f3dbf7a1393f095e8c459e90359
172,172,83621,1180f3f04b79ee5fab8a734b7875ac0d0f8792fb9bb19429160bab65e33a2c91
173,173,76543,5c0ed25af86398df057b9441c816570e4403ac2c293bb28c9040d9e21951d2db
174,174,87072,8b244bea79728b74de63498b69257e6fdf092570289668cdaa341063baa5a9e7
175,175,98778,614023fe6ae41d58dba54a3def9b545e36a8229a66e7690f93ec1342c55ebeec
176,176,31125,5ff475425656e833b678b48f0259444aef2542f94989bac7dc24ad52f1714d11
177,177,38816,62fde65de45b69871e24846fd1f7affb7b1bd06958136665b4073ed1fe1b2cae
178,178,42849,45e1b733f084af537adef30359c9b6e885ac604031750d17890804a12c91edd4
